id_transacao,id_cliente,id_veiculo,tipo_operacao,data_transacao,valor_transacao,desconto,forma_pagamento,status_transacao,vendedor_responsavel,filial
TX00353,CLI0430,VEI0461,Venda,29/11/2025 00:00,46382.01,R$ 4377.15,Finaciamento,CONCLUÍDA,Claudia Reis,Filial Sul
TX00051,CLI0036,VEI0183,Venda,13/01/2025,357764.03,6978.44,Leasing,concluída,Claudia Reis,Filial Norte
TX00031,CLI0130,,Venda,14/09/2024 00:00,54743.34,5772.5,à vista,CANCELADA,Roberto Nunes,Filial Norte
TX00381,CLI0326,VEI0148,Compra,16/08/2025,71953.65,,permuta,CANCELADA,Jéssica Soares,Filial Norte
TX00532,CLI9927,VEI0403,Compra,03/05/2024 00:00,0.0,,À Vista,Cancelado,Humberto Mota,Filial Norte
TX00007,CLI9961,VEI0458,Compra ,30/10/2025,46966.34,5921.78,Permuta,cancelada,Marcos Fonseca,Matriz
TX00059,CLI0214,VEI0112,Compra,2024-04-13,410572.84,14638.69,Financiamento ,Em andamento,Tiago Borba,Filial Norte
TX00498,CLI0451,VEI0478,Venda,02/12/2024,419005.85,,PERMUTA,CONCLUIDA,Karina Dutra,Filial Centro
TX00091,CLI0449,VEI0090,Venda,26/05/2024,190216.53,8652.04,Finaciamento,Em andamento,,Matriz
TX00121,CLI0051,VEI0029,Venda,17/06/2025,124284.44,,consórcio,Concluido,Amanda Luz,Filial Sul
TX00460,CLI0137,VEI0193,Venda,19/10/2025 00:00,475613.25,13593.21,PERMUTA,Andamento,Amanda Luz,Matriz
TX00089,CLI0249,VEI0442,Venda,2024-12-28,122579.65,883.32,leacing,Concluido,Cesar Lemos,Filial Norte
TX00266,CLI0011,VEI0127,Venda,2024-05-04 00:00:00,267357.86,5053.53,permuta,CONCLUIDA,Tiago Borba,Matriz
TX00242,CLI0082,VEI0413,Compra,2024-03-16 00:00:00,314964.66,,A VISTA,Concluída,Karina Dutra,Filial Leste
TX00549,CLI0253,VEI0288,Compra,05/11/2025 00:00,354908.32,R$ 11479.35,avista,Andamento,Jéssica Soares,Matriz
TX00228,CLI0225,VEI0298,Venda,03/10/2025,462965.54,,PERMUTA,Concluido,Claudia Reis,Filial Norte
TX00541,CLI9923,VEI0323,Venda,2024-08-24,61657.54,14521.25,CONSORCIO,Em andamento,Leticia Vale,Matriz
TX00397,CLI0322,VEI0030,Venda,18/03/2024 00:00,397667.39,R$ 5266.46,consoricio,concluída,Claudia Reis,Filial Norte
TX00515,CLI0206,,Venda,21/05/2024 00:00,408303.81,3720.3,Leasing,concluido,Silvia Brum,Filial Sul
TX00190,CLI0213,VEI0493,Venda,2025-10-16,52995.41,3058.35,Leasing,Em Andamento,Silvia Brum,Matriz
TX00382,CLI0464,VEI0412,Compra,2024-03-13 00:00:00,231111.64,R$ 10351.81,Permuta,CANCELADA,Jéssica Soares,Filial Leste
TX00300,CLI0381,VEI0202,Venda,2025-03-10 00:00:00,33916.68,10205.38,PERMUTA,Cancelada,Roberto Nunes,Filial Oeste
TX00124,CLI0143,VEI0226,Venda,2024-01-04 00:00:00,323922.35,2686.0,À Vista,EM ANDAMENTO,Humberto Mota,Filial Centro
TX00064,CLI0055,VEI0340,compra,2024-06-19,162229.6,14082.16,avista,Concluido,Cesar Lemos,Filial Centro
TX00504,CLI0335,VEI0213,Venda,2025-09-13,134523.13,,avista,Concluída,Karina Dutra,Matriz
TX00408,CLI0378,VEI0225,Venda,2024-07-03,172327.81,R$ 11200.79,À Vista,Em Andamento,Claudia Reis,Filial Centro
TX00379,CLI0465,VEI0461,Compra,12/07/2025,52830.12,,avista,concluido,Silvia Brum,Filial Leste
TX00356,CLI0414,VEI0285,Venda,15/07/2025,146291.12,8053.45,Permuta,Cancelada,Claudia Reis,Filial Norte
TX00339,CLI0376,VEI0227,Venda,03/09/2025 00:00,483213.38,R$ 4180.96,leacing,Cancelado,Marcos Fonseca,Filial Centro
TX00531,CLI0493,VEI0313,Venda,2025-05-14 00:00:00,142012.04,,FINANCIAMENTO,Concluido,Roberto Nunes,Filial Sul
TX00239,CLI0419,VEI0367,Venda,04/04/2025 00:00,334854.35,R$ 9480.7,Leasing,concluido,Marcos Fonseca,Filial Sul
TX00268,CLI0186,VEI0217,Venda,16/03/2025,-182323.04,R$ 10555.09,à vista,Andamento,Cesar Lemos,Filial Oeste
TX00127,CLI0317,VEI0430,Venda,12/07/2024 00:00,-262521.63,13674.66,LEASING,Em Andamento,Humberto Mota,Filial Norte
TX00472,CLI0061,VEI0264,Compra,29/09/2024,55506.17,R$ 6306.97,Consórcio,CANCELADA,Jéssica Soares,Matriz
TX00309,,VEI0317,Compra,2025-08-10 00:00:00,286465.93,4856.29,permuta,concluido,Renato Pires,Filial Centro
TX00265,CLI0398,VEI0375,Venda,06/07/2024 00:00,78906.0,2371.77,Leasing,Em Andamento,Jéssica Soares,Filial Norte
TX00349,CLI0171,VEI0433,Venda,03/04/2024 00:00,140169.85,3065.5,LEASING,EM ANDAMENTO,Renato Pires,Filial Leste
TX00443,CLI0352,VEI0064,Compra,2025-05-08,256901.39,7867.17,financiamento,Concluída,Silvia Brum,Matriz
TX00180,CLI0216,VEI0505,Venda,2025-04-22,273255.55,3869.98,PERMUTA,Cancelada,Karina Dutra,Filial Oeste
TX00437,CLI0441,VEI0486,Venda,28/05/2025,296845.92,,Financiamento ,Andamento,Silvia Brum,Filial Centro
TX00109,CLI0074,VEI0073,Venda,2025-03-10 00:00:00,201562.75,2990.45,leacing,Em Andamento,,Matriz
TX00110,CLI0235,VEI0402,Compra,2024-07-17 00:00:00,166647.46,R$ 5671.29,permuta,concluída,Renato Pires,Matriz
TX00062,CLI0180,VEI0471,Compra,2026-02-25 00:00:00,386242.17,6974.04,Financiamento ,Andamento,,
TX00401,CLI0120,VEI0382,Venda,27/10/2024 00:00,340600.05,7143.83,LEASING,CANCELADA,,Filial Leste
TX00405,CLI9941,VEI0001,Compra,2024-03-12 00:00:00,426406.55,,leacing,em andamento,Renato Pires,Filial Centro
TX00358,CLI0501,VEI0492,Venda,03/07/2024 00:00,458411.89,13874.39,Finaciamento,CONCLUÍDA,Amanda Luz,
TX00134,CLI0365,VEI0413,Venda,16/01/2026 00:00,305204.53,1286.77,avista,Cancelada,Marcos Fonseca,Filial Leste
TX00280,CLI0354,VEI0354,Venda,27/08/2024 00:00,385065.01,6614.67,Leasing,concluido,Karina Dutra,Matriz
TX00438,CLI0340,VEI0027,cOMPRA,08/03/2024 00:00,-95588.43,884.71,financiamento,EM ANDAMENTO,Roberto Nunes,Filial Centro
TX00399,CLI0182,VEI0487,Venda,10/07/2024,115644.66,,A VISTA,Em andamento,Cesar Lemos,
TX00313,CLI0368,VEI0029,Venda,2024-12-23 00:00:00,0.0,,permuta,Em andamento,Amanda Luz,Filial Centro
TX00373,CLI0489,VEI0027,Venda,13/12/2024,99017.26,R$ 8376.74,A VISTA,cancelada,Claudia Reis,Filial Oeste
TX00236,CLI0190,VEI0355,Venda,30/12/2024 00:00,124470.41,14813.59,A VISTA,em andamento,Roberto Nunes,Filial Leste
TX00181,CLI0494,VEI0419,Venda,2026-02-12,140313.41,5383.99,permuta,cancelada,Cesar Lemos,Filial Sul
TX00334,CLI0112,VEI0410,Compra,17/03/2026 00:00,143575.4,R$ 3925.74,financiamento,Concluido,Roberto Nunes,Filial Leste
TX00224,CLI0465,VEI0011,Venda,2024-07-03,57485.08,3248.02,FINANCIAMENTO,cancelada,Tiago Borba,Filial Oeste
TX00534,CLI0227,VEI0017,Compra,2025-09-28,524098.98,,leacing,Cancelada,Amanda Luz,Filial Centro
TX00145,CLI0356,VEI0513,Compra,23/02/2024 00:00,48476.47,7891.23,PERMUTA,concluída,Claudia Reis,Filial Centro
TX00533,CLI0474,VEI0224,Venda,07/08/2025 00:00,-154711.0,11567.33,leacing,Andamento,Cesar Lemos,Matriz
TX00480,CLI0060,VEI0101,cOMPRA,20/04/2025,477101.19,10775.38,LEASING,concluída,Silvia Brum,Filial Norte
TX00004,CLI0342,VEI0250,venda,2025-07-28 00:00:00,144770.74,265.89,LEASING,concluido,Renato Pires,Matriz
TX00444,,VEI0294,Venda,2026-01-06,404368.54,13570.59,Consórcio,cancelada,Roberto Nunes,Matriz
TX00324,CLI0413,VEI0078,venda,06/02/2024,195387.44,4357.42,à vista,Andamento,Renato Pires,Filial Oeste
TX00357,CLI0289,VEI0374,Venda,13/04/2024 00:00,498268.46,5254.29,À Vista,Concluido,Claudia Reis,Filial Norte
TX00550,CLI0129,VEI0100,Venda,08/04/2025 00:00,389629.37,R$ 7274.18,Leasing,cancelada,Marcos Fonseca,Filial Leste
TX00420,CLI9923,VEI0363,Venda,07/07/2024,312861.63,8210.27,PERMUTA,Em andamento,Marcos Fonseca,Filial Oeste
TX00067,CLI0211,VEI0334,Venda,19/02/2026,169171.29,2777.48,Leasing,CONCLUÍDA,Karina Dutra,Filial Oeste
TX00548,CLI0374,VEI0285,Venda,16/02/2025 00:00,160840.69,6926.98,À Vista,em andamento,,
TX00466,CLI0333,VEI0303,Venda,2025-05-16,0.0,2540.63,Consórcio,concluída,,Matriz
TX00285,CLI0465,VEI9994,Venda,2026-02-12,158187.31,5960.72,à vista,Em andamento,Roberto Nunes,
TX00448,CLI0153,VEI0377,VENDA,2025-10-08 00:00:00,0.0,,Permuta,CONCLUIDA,Cesar Lemos,Filial Centro
TX00039,CLI9958,VEI0141,Compra,03/08/2024 00:00,418240.87,R$ 13098.65,à vista,CONCLUÍDA,Leticia Vale,Matriz
TX00118,CLI0079,VEI9951,Venda,2026-03-13 00:00:00,271541.2,14883.75,Permuta,Em andamento,Jéssica Soares,Filial Sul
TX00153,CLI0218,VEI0215,Venda,2025-01-20 00:00:00,453196.45,4059.17,financiamento,CONCLUÍDA,Cesar Lemos,Filial Norte
TX00248,CLI0410,VEI0520,Venda,06/01/2025,475008.38,1628.22,Consórcio,CANCELADA,Humberto Mota,Filial Leste
TX00088,CLI0485,VEI0255,Venda,2024-04-05 00:00:00,28539.81,14535.67,Financiamento ,concluída,Silvia Brum,Filial Sul
TX00467,CLI0148,VEI0316,Venda,08/12/2025 00:00,320174.96,R$ 9731.98,avista,CONCLUIDA,Marcos Fonseca,
TX00183,CLI0103,VEI0496,Venda,18/07/2024 00:00,476163.95,3955.04,LEASING,Cancelado,Leticia Vale,Matriz
TX00218,CLI0194,VEI0423,Venda,2025-12-06 00:00:00,249411.65,803.14,Permuta,CONCLUIDA,Claudia Reis,
TX00319,CLI0086,VEI0212,Compra,2025-04-17,300413.66,R$ 13975.09,À Vista,CONCLUÍDA,Marcos Fonseca,Filial Oeste
TX00150,CLI0258,VEI0024,Compra,01/01/2026,305735.11,14258.95,consórcio,CANCELADA,Silvia Brum,Filial Oeste
TX00525,CLI0064,VEI0250,Venda,2025-11-28,128604.71,769.06,CONSORCIO,concluido,Silvia Brum,
TX00248,CLI0410,VEI0520,Venda,06/01/2025,475008.38,1628.22,Consórcio,CANCELADA,Humberto Mota,Filial Leste
TX00360,CLI0103,VEI9978,Venda,19/10/2025 00:00,200525.52,6014.09,Consórcio,Concluido,Jéssica Soares,Filial Leste
TX00063,CLI0146,VEI0018,Venda,2026-01-11,404611.2,8973.27,À Vista,Cancelada,Marcos Fonseca,Filial Sul
TX00471,CLI0246,VEI0288,Venda,24/03/2024 00:00,378906.51,10571.46,FINANCIAMENTO,cancelada,Claudia Reis,Filial Centro
TX00199,CLI9923,VEI0335,Compra,2025-03-23,398438.48,10755.52,A VISTA,concluída,Amanda Luz,Filial Sul
TX00095,,VEI0201,Venda,04/03/2024 00:00,342368.18,3267.26,CONSORCIO,cancelada,Renato Pires,Filial Centro
TX00112,CLI0455,VEI0049,Venda,2025-10-06,257048.58,5886.34,leacing,Cancelada,,Matriz
TX00356,CLI0414,VEI0285,Venda,15/07/2025,146291.12,8053.45,Permuta,Cancelada,Claudia Reis,Filial Norte
TX00120,CLI0463,VEI0075,Venda,03/01/2024 00:00,311011.6,14655.83,permuta,concluída,Renato Pires,Filial Centro
TX00516,CLI0055,VEI0151,Venda,08/08/2025,302231.67,,à vista,Concluída,Claudia Reis,Filial Sul
TX00441,CLI0118,VEI0082,Venda,15/09/2025,134281.7,1819.33,LEASING,Andamento,Marcos Fonseca,Filial Leste
TX00319,CLI0086,VEI0212,Compra,2025-04-17,300413.66,R$ 13975.09,À Vista,CONCLUÍDA,Marcos Fonseca,Filial Oeste
TX00322,CLI0290,VEI0060,Venda,11/02/2024,235097.67,7036.79,consoricio,Andamento,Jéssica Soares,Filial Oeste
TX00497,CLI0358,VEI0320,Venda,2024-09-28 00:00:00,351092.2,9515.31,à vista,CONCLUIDA,Amanda Luz,Filial Sul
TX00238,CLI0281,VEI0192,Compra,24/01/2024 00:00,130153.06,12068.95,FINANCIAMENTO,em andamento,Cesar Lemos,
TX00111,CLI0135,VEI9981,Venda,05/08/2025,129605.87,8183.1,A VISTA,concluido,Jéssica Soares,Filial Leste
TX00096,,VEI0496,Venda,2024-10-29 00:00:00,461840.28,R$ 7845.62,A VISTA,concluída,Renato Pires,
TX00269,CLI0360,VEI0355,cOMPRA,26/03/2025 00:00,107658.5,14487.13,Finaciamento,Em Andamento,Humberto Mota,Matriz
TX00236,CLI0190,VEI0355,Venda,30/12/2024 00:00,124470.41,14813.59,A VISTA,em andamento,Roberto Nunes,Filial Leste
TX00252,CLI0505,VEI0234,Compra,22/01/2025,391072.66,,permuta,Em Andamento,Tiago Borba,Filial Oeste
TX00258,CLI0092,VEI0227,Compra,13/08/2025,443577.54,,consoricio,Concluída,Leticia Vale,Matriz
TX00161,CLI0085,VEI0095,Venda,21/09/2024 00:00,35367.31,R$ 3523.5,avista,Cancelada,,Filial Oeste
TX00547,CLI0318,VEI0010,Venda,2026-01-23 00:00:00,325156.35,42.96,Finaciamento,CANCELADA,Tiago Borba,Filial Centro
TX00294,CLI0508,VEI0515,Venda,02/03/2024 00:00,281943.23,R$ 5945.92,permuta,em andamento,Humberto Mota,Filial Sul
TX00404,,VEI0330,Venda,2025-08-05 00:00:00,314826.49,R$ 11741.16,LEASING,EM ANDAMENTO,Cesar Lemos,Filial Leste
TX00389,CLI0459,VEI0448,Venda,14/10/2024,415911.52,R$ 9844.87,permuta,CONCLUÍDA,Cesar Lemos,Matriz
TX00178,CLI0106,VEI0446,Venda,2025-02-01 00:00:00,329537.44,,à vista,Em andamento,Roberto Nunes,Filial Oeste
TX00203,CLI0066,VEI0254,Compra,2024-01-07 00:00:00,47762.98,R$ 2133.29,A VISTA,CANCELADA,,Filial Sul
TX00361,CLI0470,VEI0400,Venda,2024-11-28,316244.22,10680.5,A VISTA,Em andamento,Jéssica Soares,Filial Oeste
TX00149,CLI0462,,Compra,2025-10-27 00:00:00,49160.38,,consórcio,Concluido,Silvia Brum,Filial Oeste
TX00539,CLI0075,VEI0364,Venda,2025-06-30 00:00:00,524560.95,9213.73,permuta,em andamento,Tiago Borba,Filial Leste
TX00449,,VEI0187,venda,08/01/2024 00:00,356500.93,12996.16,A VISTA,em andamento,Roberto Nunes,Filial Centro
TX00010,CLI0367,VEI0328,Venda,2024-05-23,328724.23,5901.83,consórcio,concluido,Silvia Brum,
TX00171,CLI0251,VEI0328,Compra,25/01/2026 00:00,332435.84,1794.61,CONSORCIO,Cancelado,Claudia Reis,Filial Norte
TX00469,CLI0472,VEI0280,cOMPRA,2025-08-20 00:00:00,118235.26,3520.65,Finaciamento,concluída,Silvia Brum,Filial Oeste
TX00510,CLI0011,VEI0265,VENDA,23/05/2025 00:00,228066.14,69.89,consoricio,Concluída,Marcos Fonseca,Filial Sul
TX00142,CLI0468,VEI0196,Venda,2025-02-27 00:00:00,34478.97,1765.56,LEASING,EM ANDAMENTO,Jéssica Soares,Filial Centro
TX00425,CLI0158,VEI0102,Venda,12/12/2025 00:00,198239.83,6469.05,permuta,Cancelado,Tiago Borba,Matriz
TX00544,CLI0161,VEI0448,Venda,01/01/2026,438717.91,R$ 2996.66,Permuta,CONCLUIDA,Marcos Fonseca,Matriz
TX00387,CLI0037,VEI0313,Venda,2025-02-23,138437.01,R$ 12700.55,PERMUTA,Cancelada,Claudia Reis,Matriz
TX00318,CLI0438,VEI0478,Venda,19/03/2025,428542.32,10443.5,consoricio,Cancelado,Roberto Nunes,Filial Sul
TX00518,CLI0327,VEI0089,Venda,01/07/2024 00:00,89918.55,R$ 6085.36,Finaciamento,Em Andamento,Leticia Vale,Matriz
TX00368,CLI0360,VEI0206,Venda,2024-05-20 00:00:00,164374.06,12485.97,avista,Em andamento,Cesar Lemos,Filial Sul
TX00033,CLI9909,VEI0175,Compra,2024-06-23,375601.19,,Permuta,CONCLUIDA,Claudia Reis,Filial Centro
TX00354,CLI0169,VEI0281,Venda,2025-12-05 00:00:00,135874.56,4004.12,A VISTA,CONCLUIDA,Renato Pires,Filial Norte
TX00155,CLI0188,VEI0205,Venda,20/02/2026,29603.92,7944.46,consoricio,CONCLUIDA,Humberto Mota,Filial Norte
TX00527,CLI0448,VEI0193,COMPRA,2025-05-14,498752.34,14324.54,consoricio,CANCELADA,Leticia Vale,Filial Leste
TX00015,CLI0448,VEI0235,VENDA,2025-02-01,256330.11,12643.67,FINANCIAMENTO,EM ANDAMENTO,Jéssica Soares,Filial Oeste
TX00209,CLI0237,VEI0443,Compra,02/12/2024,250016.29,R$ 6716.14,Finaciamento,Cancelado,Roberto Nunes,Filial Leste
TX00307,CLI0131,VEI0315,VENDA,20/07/2025 00:00,363536.31,13694.52,consoricio,CANCELADA,,Filial Oeste
TX00138,CLI0289,VEI0417,Venda,05/11/2024 00:00,125008.71,5569.64,Leasing,CANCELADA,Humberto Mota,Filial Centro
TX00431,CLI0481,VEI0434,Venda,2024-06-13 00:00:00,456900.1,R$ 1001.65,Financiamento ,cancelada,Silvia Brum,Filial Leste
TX00022,CLI0171,VEI0180,Venda,2024-10-07,310756.5,2174.6,LEASING,cancelada,Silvia Brum,Filial Norte
TX00274,CLI0080,VEI9992,Compra,2024-02-15 00:00:00,-186199.36,6146.35,à vista,Cancelada,Claudia Reis,Filial Leste
TX00061,CLI0300,VEI0045,Venda,06/12/2024,302133.12,5709.49,avista,CONCLUÍDA,Amanda Luz,Filial Oeste
TX00421,CLI0229,VEI0426,Venda,01/10/2025 00:00,419382.8,9931.35,Finaciamento,Cancelado,Renato Pires,Filial Sul
TX00087,CLI0332,VEI0415,Venda,15/01/2025,75461.95,7571.3,FINANCIAMENTO,cancelada,Renato Pires,Filial Centro
TX00530,CLI0067,VEI0025,Compra,15/10/2025 00:00,48663.55,6799.46,CONSORCIO,cancelada,Amanda Luz,Filial Centro
TX00207,CLI0507,VEI0161,Venda,27/01/2024,340213.75,1529.86,CONSORCIO,Em Andamento,Leticia Vale,Filial Leste
TX00162,CLI0276,VEI0129,Venda,2025-08-13,146666.08,R$ 6256.2,LEASING,Concluída,Cesar Lemos,Filial Leste
TX00179,CLI0294,VEI0444,Venda,21/09/2024,109081.0,5023.12,à vista,Em Andamento,Leticia Vale,Filial Centro
TX00335,CLI0374,VEI0303,COMPRA,2025-10-15 00:00:00,264430.65,R$ 6400.8,PERMUTA,CONCLUIDA,Marcos Fonseca,Filial Leste
TX00297,CLI0122,VEI0202,Compra,14/12/2024 00:00,37123.75,7668.04,leacing,Cancelada,Cesar Lemos,Filial Sul
TX00017,CLI0506,VEI0112,Venda,11/05/2024,407360.49,8011.97,PERMUTA,concluída,,Filial Centro
TX00440,CLI0034,VEI0117,Compra,11/04/2024 00:00,50647.52,4643.54,À Vista,Concluido,Renato Pires,Filial Oeste
TX00305,CLI0434,VEI0104,Venda,2025-05-28,372096.67,1760.23,consórcio,Concluída,Humberto Mota,Filial Sul
TX00315,CLI0394,VEI0323,Venda,29/05/2025 00:00,60472.95,800.64,À Vista,em andamento,Claudia Reis,Filial Norte
TX00479,CLI0081,,Venda,2026-01-18 00:00:00,42803.34,11534.43,avista,concluido,Silvia Brum,Filial Centro
TX00094,CLI0437,VEI0448,Venda,05/04/2025 00:00,437780.75,6159.29,leacing,Concluída,Marcos Fonseca,Filial Sul
TX00429,CLI0357,VEI0213,Compra,2025-10-19 00:00:00,155558.61,9727.47,Consórcio,em andamento,Leticia Vale,Matriz
TX00056,CLI0343,VEI9947,Compra,2025-11-11,79558.23,13244.4,consoricio,Cancelado,Cesar Lemos,Filial Norte
TX00442,CLI0439,VEI0136,Venda,2025-08-10,160049.85,5652.45,financiamento,Em Andamento,Cesar Lemos,Filial Leste
TX00075,CLI0162,VEI0103,Venda,2024-10-27,233260.43,1100.77,financiamento,em andamento,Renato Pires,Filial Sul
TX00409,CLI0073,VEI0236,Venda,2025-05-12,225969.41,,A VISTA,Concluido,Karina Dutra,Filial Norte
TX00041,CLI0144,VEI0216,Venda,2025-01-03 00:00:00,350098.8,,leacing,cancelada,Silvia Brum,Filial Leste
TX00009,CLI9900,VEI0457,Venda,2025-06-21,310534.88,5663.25,FINANCIAMENTO,Concluída,Silvia Brum,Matriz
TX00452,CLI0292,VEI0520,Venda,02/01/2024,506227.2,9199.96,Permuta,concluido,,Filial Leste
TX00170,CLI0303,VEI0232,Venda,25/09/2025,322945.14,2959.67,permuta,Cancelado,Silvia Brum,Matriz
TX00114,CLI0358,VEI0230,Venda,08/03/2024,405347.51,14627.15,financiamento,cancelada,Roberto Nunes,Filial Leste
TX00104,CLI0384,,Venda,2025-06-07,273311.56,14463.36,permuta,Em andamento,Marcos Fonseca,Filial Norte
TX00050,CLI0080,VEI0297,Compra,18/01/2025,428258.7,7803.25,FINANCIAMENTO,cancelada,Cesar Lemos,Filial Norte
TX00292,CLI0270,VEI0275,Venda,2025-05-17,397943.17,12028.16,à vista,concluido,Claudia Reis,Matriz
TX00157,CLI0097,VEI0083,venda,2024-10-31 00:00:00,272033.46,14477.34,FINANCIAMENTO,concluido,Silvia Brum,Filial Centro
TX00459,CLI0222,VEI0164,Venda,2025-11-12 00:00:00,332573.61,1928.78,leacing,Em Andamento,Karina Dutra,Filial Centro
TX00523,CLI0039,VEI0064,Venda,2024-06-27,238388.28,7736.26,consórcio,CONCLUIDA,Tiago Borba,Filial Leste
TX00173,CLI0373,VEI9994,Venda,30/04/2025,26032.63,R$ 10634.5,À Vista,CONCLUÍDA,Humberto Mota,Filial Norte
TX00211,CLI0250,VEI0439,Compra,2024-05-14,119038.61,,consoricio,Cancelada,Karina Dutra,Filial Sul
TX00415,CLI0480,VEI0237,Venda,2024-08-01,151983.21,13341.13,consoricio,EM ANDAMENTO,Tiago Borba,Matriz
TX00509,CLI0158,VEI0040,Compra,01/06/2025,88331.47,479.83,A VISTA,CANCELADA,Leticia Vale,Filial Sul
TX00105,CLI0188,VEI0294,Vend,07/04/2025 00:00,-419060.77,14461.67,A VISTA,Cancelada,Leticia Vale,Matriz
TX00214,CLI0250,VEI0406,Venda,09/10/2024,35926.47,3685.28,Finaciamento,CONCLUIDA,Silvia Brum,Filial Oeste
TX00072,CLI0150,VEI0331,Venda,02/05/2024,321333.34,13398.81,permuta,CANCELADA,Amanda Luz,Filial Centro
TX00297,CLI0122,VEI0202,Compra,14/12/2024 00:00,37123.75,7668.04,leacing,Cancelada,Cesar Lemos,Filial Sul
TX00028,CLI0086,VEI0021,Compra,27/12/2024 00:00,90509.21,12965.53,Finaciamento,Concluída,Humberto Mota,Matriz
TX00522,CLI0115,VEI9981,Venda,03/07/2025,137545.25,R$ 2211.66,consórcio,Cancelada,Leticia Vale,
TX00188,CLI0474,VEI0250,Venda,26/02/2024 00:00,148864.31,13728.86,LEASING,Concluido,Jéssica Soares,Filial Sul
TX00316,CLI0232,VEI0257,Venda,2024-01-16,222506.19,9622.0,CONSORCIO,cancelada,Claudia Reis,Filial Norte
TX00435,CLI0163,VEI0339,cOMPRA,2026-02-17,94371.47,9957.98,FINANCIAMENTO,Concluída,Amanda Luz,Filial Sul
TX00198,CLI0096,VEI0146,Venda,03/04/2025 00:00,81253.28,9108.74,permuta,Concluido,,Filial Centro
TX00323,CLI0215,VEI0485,Venda,09/04/2025 00:00,321253.67,11365.39,CONSORCIO,Andamento,Cesar Lemos,Filial Centro
TX00008,CLI0517,VEI0232,Venda,2024-01-30 00:00:00,311016.49,,Consórcio,Cancelada,Leticia Vale,Matriz
TX00465,CLI0134,VEI0377,COMPRA,18/10/2025,113298.45,9701.13,FINANCIAMENTO,Cancelado,Marcos Fonseca,Matriz
TX00019,CLI0350,VEI0441,Venda,30/01/2025,31185.81,,avista,Em Andamento,Silvia Brum,Filial Centro
TX00427,CLI0167,VEI0049,Venda,2026-01-10,261302.63,,A VISTA,Em Andamento,Jéssica Soares,Filial Norte
TX00126,CLI0427,VEI0513,Venda,10/04/2024,47875.57,R$ 13010.66,Permuta,Em andamento,Renato Pires,
TX00377,CLI0167,VEI0458,Venda,21/11/2025 00:00,51481.15,,LEASING,concluída,Claudia Reis,Filial Centro
TX00306,CLI0116,VEI0224,Venda,2024-04-23 00:00:00,153725.38,2737.31,CONSORCIO,Concluída,Renato Pires,Filial Sul
TX00396,CLI9939,VEI0001,Venda,27/05/2025 00:00,468926.82,14374.71,Financiamento ,em andamento,Roberto Nunes,Filial Oeste
TX00344,CLI0516,VEI0477,Venda,22/07/2025 00:00,205549.62,,A VISTA,Cancelada,Amanda Luz,Filial Leste
TX00154,CLI0256,VEI0189,Compra,2024-06-18,127564.0,13985.99,Consórcio,Andamento,Cesar Lemos,Matriz
TX00070,CLI0037,VEI0344,Venda,2024-03-14,164413.79,11084.53,LEASING,Concluída,Humberto Mota,Filial Sul
TX00058,,VEI0414,Venda,12/06/2025,413465.76,2538.6,Leasing,Em andamento,Jéssica Soares,Filial Norte
TX00227,CLI0363,VEI0279,Compra,24/07/2024 00:00,92647.95,6672.17,CONSORCIO,Cancelado,Humberto Mota,Filial Centro
TX00279,CLI0338,VEI0374,Compra,13/01/2025,456835.35,,permuta,EM ANDAMENTO,Renato Pires,Filial Sul
TX00520,CLI0099,VEI0247,Venda,01/09/2025,376021.11,5678.04,à vista,cancelada,Cesar Lemos,Matriz
TX00478,CLI0477,VEI0142,COMPRA,22/04/2024,144721.11,4922.41,Finaciamento,Concluída,Leticia Vale,Filial Centro
TX00351,CLI0118,VEI0153,Venda,2024-10-24,76684.25,,Financiamento ,Em Andamento,Roberto Nunes,Matriz
TX00502,CLI0173,VEI0056,Compra,2025-11-22 00:00:00,370549.85,5439.01,LEASING,Em andamento,Claudia Reis,Filial Sul
TX00025,CLI0070,VEI0297,Venda,2025-04-23 00:00:00,408200.27,R$ 1722.36,CONSORCIO,Cancelada,Karina Dutra,Filial Sul
TX00052,CLI0018,VEI0166,Venda,2024-04-12 00:00:00,342903.19,9469.83,LEASING,em andamento,,
TX00195,CLI0369,VEI0422,Venda,2024-11-23,78252.45,8622.44,A VISTA,em andamento,Tiago Borba,Filial Leste
TX00141,CLI9908,VEI0176,Venda,2024-05-25,204909.08,8278.61,avista,Concluido,Humberto Mota,Filial Norte
TX00375,CLI0251,VEI0255,Venda,11/11/2025 00:00,26853.04,1832.61,A VISTA,CONCLUIDA,Renato Pires,Filial Sul
TX00003,CLI0202,VEI0111,cOMPRA,29/11/2025 00:00,88038.63,7940.23,PERMUTA,CANCELADA,Silvia Brum,Filial Norte
TX00475,CLI0461,VEI0328,Venda,02/03/2026 00:00,375378.67,9626.0,Financiamento ,Em Andamento,Cesar Lemos,Matriz
TX00470,CLI0338,VEI0012,Venda,2025-09-08 00:00:00,244508.49,8114.68,avista,em andamento,Marcos Fonseca,Matriz
TX00125,CLI0101,VEI0274,compra,09/10/2024 00:00,57848.43,12650.9,Permuta,Cancelado,Jéssica Soares,Matriz
TX00507,CLI0360,VEI0518,Compra,21/03/2025 00:00,302430.71,13645.98,LEASING,CONCLUIDA,Marcos Fonseca,Filial Oeste
TX00148,CLI0292,VEI0196,Venda,2025-08-24,34888.54,5490.41,consoricio,Cancelada,Silvia Brum,Filial Sul
TX00068,CLI0382,VEI9900,Compra,2024-03-12 00:00:00,182904.09,9296.57,PERMUTA,concluido,Silvia Brum,Filial Sul
TX00255,CLI9903,VEI0479,Venda,01/03/2025 00:00,325144.12,,consoricio,Andamento,Amanda Luz,Filial Oeste
TX00144,CLI0398,VEI0267,Venda,2025-12-11 00:00:00,413524.05,2342.23,Leasing,CANCELADA,Tiago Borba,
TX00221,CLI0044,VEI0248,Venda,05/08/2025 00:00,329263.7,12014.45,Consórcio,concluída,Tiago Borba,Filial Sul
TX00057,CLI0493,VEI0186,Venda,2024-08-01,-382755.94,150.61,à vista,Cancelada,Humberto Mota,Filial Oeste
TX00535,CLI0325,VEI0065,Compra,08/08/2025 00:00,49752.44,13099.63,Permuta,em andamento,Karina Dutra,Matriz
TX00006,CLI0332,VEI0378,Venda,2024-10-21,43513.54,621.5,leacing,concluido,Silvia Brum,Filial Norte
TX00251,CLI0137,VEI9913,Compra,2026-01-19 00:00:00,98705.33,658.46,Leasing,CANCELADA,Roberto Nunes,Filial Norte
TX00332,CLI0343,VEI0427,Venda,10/08/2025 00:00,271503.92,12857.27,consoricio,concluída,Tiago Borba,Filial Centro
TX00273,CLI0355,VEI0105,Venda,28/06/2024 00:00,136736.62,10312.52,permuta,Concluido,Roberto Nunes,Matriz
TX00526,CLI0133,VEI0263,Venda,04/11/2025 00:00,93729.95,7869.88,À Vista,cancelada,Tiago Borba,Filial Sul
TX00253,CLI0069,VEI0367,Venda,20/02/2025 00:00,319551.8,11195.7,PERMUTA,concluída,Leticia Vale,Filial Norte
TX00113,CLI0372,VEI0119,Venda,2024-11-19,96999.9,,À Vista,concluido,Claudia Reis,Filial Leste
TX00317,CLI0436,VEI9951,Compra,29/01/2024,-249072.33,,CONSORCIO,concluido,Humberto Mota,Filial Centro
TX00414,CLI0288,VEI0264,Compra,15/01/2025,52666.37,13085.52,A VISTA,em andamento,,Filial Norte
TX00175,CLI0372,VEI0336,Venda,2025-07-06,94160.01,R$ 13967.85,consórcio,CONCLUÍDA,Cesar Lemos,Filial Norte
TX00226,CLI0074,VEI0290,Venda,24/07/2025 00:00,128451.61,11985.12,LEASING,em andamento,Humberto Mota,Filial Centro
TX00352,CLI0178,VEI0121,Venda,17/06/2025 00:00,215358.28,2532.34,consórcio,Cancelado,Tiago Borba,Filial Norte
TX00241,CLI0088,VEI0229,Venda,2024-04-20,279722.17,R$ 8901.19,permuta,cancelada,Claudia Reis,Matriz
TX00196,CLI0055,VEI9900,Venda,17/12/2025 00:00,203367.01,1572.72,Leasing,Cancelado,,Filial Sul
TX00013,CLI9974,VEI0448,Compra,2025-07-06 00:00:00,435069.77,3180.5,financiamento,concluido,Leticia Vale,Filial Norte
TX00337,CLI0341,VEI0487,Venda,2024-03-01 00:00:00,128555.06,1345.72,PERMUTA,CONCLUIDA,Silvia Brum,Filial Centro
TX00304,CLI0170,VEI0160,Compra,2025-03-20,346802.33,14427.41,PERMUTA,cancelada,Jéssica Soares,Filial Oeste
TX00029,CLI0330,VEI0328,Venda,15/10/2024,359105.06,4825.35,à vista,Andamento,Silvia Brum,Matriz
TX00287,CLI0093,VEI0459,Compra,2024-06-30,456152.98,13677.45,financiamento,CANCELADA,Humberto Mota,Matriz
TX00136,CLI0324,VEI0176,Venda,2024-11-08,183773.13,,A VISTA,Cancelado,,
TX00055,CLI0117,VEI0064,Venda,30/08/2024,259771.84,,avista,Cancelado,,Filial Sul
TX00049,CLI0140,VEI0278,Venda,02/04/2025,-92561.43,,Financiamento ,CONCLUIDA,,Filial Sul
TX00314,CLI0092,VEI0135,Venda,2025-08-14,132007.85,11365.66,à vista,CANCELADA,Silvia Brum,Filial Oeste
TX00193,CLI0187,VEI0159,Venda,2026-03-10 00:00:00,185861.91,7532.99,Permuta,CONCLUIDA,Tiago Borba,Matriz
TX00434,CLI0245,VEI0099,Venda,2025-08-15,124178.96,9701.81,Finaciamento,CANCELADA,Humberto Mota,Matriz
TX00519,CLI0228,VEI0495,Venda,2025-06-19 00:00:00,93322.23,8732.53,avista,Concluido,Tiago Borba,Filial Sul
TX00279,CLI0338,VEI0374,Compra,13/01/2025,456835.35,,permuta,EM ANDAMENTO,Renato Pires,Filial Sul
TX00299,CLI0498,VEI9964,Venda,2024-06-02,-116144.48,5601.78,A VISTA,Cancelada,Renato Pires,Filial Norte
TX00097,CLI0053,VEI0250,Venda,12/05/2024 00:00,145518.64,9419.3,À Vista,CANCELADA,Leticia Vale,Matriz
TX00364,CLI0258,VEI0006,Venda,2024-07-26 00:00:00,285172.31,9443.65,Leasing,Cancelado,Renato Pires,Filial Sul
TX00463,CLI0430,VEI0488,Compra,2024-09-27 00:00:00,329044.99,R$ 5194.15,Consórcio,Em Andamento,,Filial Leste
TX00101,CLI0158,VEI0516,Venda,2025-03-14 00:00:00,0.0,12276.33,Consórcio,Concluido,Jéssica Soares,Matriz
TX00191,CLI9997,VEI0146,Venda,04/06/2024,76819.24,2474.43,Permuta,Em Andamento,Roberto Nunes,Matriz
TX00102,CLI0224,VEI0468,Venda,27/03/2024 00:00,162644.1,9618.97,avista,CONCLUIDA,Karina Dutra,Filial Leste
TX00222,CLI0484,VEI0058,Compra,21/11/2024,403076.48,R$ 1146.61,consórcio,Concluido,Claudia Reis,Filial Oeste
TX00423,CLI0100,VEI0026,Venda,2024-03-13 00:00:00,349160.0,R$ 13453.92,CONSORCIO,cancelada,Cesar Lemos,Filial Leste
TX00272,CLI0276,VEI0126,Venda,22/07/2024,170016.82,13329.62,PERMUTA,em andamento,Silvia Brum,Filial Sul
TX00246,CLI0321,VEI0211,Venda,11/02/2024,93285.76,5936.49,à vista,EM ANDAMENTO,Marcos Fonseca,Filial Centro
TX00038,CLI0013,VEI0176,Venda,13/02/2024,193301.06,R$ 7398.74,LEASING,Cancelada,Leticia Vale,Filial Centro
TX00247,CLI0124,VEI0187,Venda,2025-08-02,356701.17,,Permuta,Andamento,Silvia Brum,Filial Oeste
TX00081,CLI0467,VEI0352,Venda,01/11/2024 00:00,356434.12,8928.26,A VISTA,cancelada,Amanda Luz,Matriz
TX00494,CLI0340,VEI0465,Venda,19/09/2025,80463.68,5106.14,FINANCIAMENTO,Concluída,Leticia Vale,Filial Centro
TX00234,CLI0362,VEI0365,COMPRA,20/11/2025 00:00,416617.09,13348.4,A VISTA,Em andamento,Marcos Fonseca,Filial Sul
TX00263,CLI0167,VEI0372,Venda,29/10/2024,477510.56,1776.8,financiamento,Concluída,Claudia Reis,Filial Oeste
TX00363,CLI0209,VEI0012,Venda,07/08/2025,234603.01,6201.18,à vista,Cancelada,Karina Dutra,Filial Norte
TX00490,CLI0438,VEI0493,Venda,10/02/2026 00:00,46803.44,10700.1,À Vista,concluido,Roberto Nunes,Filial Centro
TX00186,CLI0240,VEI0051,Compra,2025-09-14 00:00:00,0.0,4244.18,financiamento,Cancelada,Jéssica Soares,Filial Centro
TX00060,CLI0018,VEI0403,VENDA,13/10/2025 00:00,349416.07,R$ 1972.51,à vista,CONCLUIDA,Tiago Borba,Filial Norte
TX00069,CLI0071,VEI0219,Venda,2024-05-22 00:00:00,420938.53,9527.1,A VISTA,CONCLUÍDA,Marcos Fonseca,Filial Sul
TX00079,CLI0157,VEI0285,Venda,2025-07-15 00:00:00,-159985.46,10082.29,à vista,CONCLUÍDA,Amanda Luz,
TX00376,CLI0171,VEI0265,Venda,16/03/2024,217676.44,2850.98,permuta,Cancelada,Cesar Lemos,Filial Leste
TX00032,CLI9974,VEI0403,Vend,01/01/2024,318150.52,R$ 10868.39,leacing,Cancelada,Cesar Lemos,Matriz
TX00182,CLI0123,VEI0461,Venda,2025-02-05,47134.07,R$ 2649.53,consórcio,Concluido,Silvia Brum,Filial Norte
TX00340,CLI0457,VEI0278,Venda,2024-07-25,89490.11,,PERMUTA,Concluída,Amanda Luz,Filial Centro
TX00152,CLI0401,VEI0194,Venda,27/09/2024,129948.6,,A VISTA,Concluída,Cesar Lemos,Filial Leste
TX00076,CLI0257,VEI0057,Compra ,2025-06-09 00:00:00,-461366.56,R$ 7835.8,permuta,cancelada,Leticia Vale,Filial Sul
TX00002,CLI0077,VEI0115,Compra,04/12/2024 00:00,75582.78,5572.01,Permuta,Em andamento,Marcos Fonseca,Filial Sul
TX00374,CLI0396,VEI0037,compra,2025-08-29,403355.55,,consórcio,Em andamento,Roberto Nunes,Filial Oeste
TX00212,CLI9921,VEI0150,Venda,28/01/2024 00:00,374831.7,13212.16,Finaciamento,CONCLUÍDA,Silvia Brum,Filial Sul
TX00338,CLI0166,VEI0272,Venda,05/03/2025 00:00,130204.3,,A VISTA,em andamento,Leticia Vale,Filial Norte
TX00254,CLI0174,VEI0345,Compra,12/03/2025 00:00,292030.43,10328.9,à vista,cancelada,Tiago Borba,Filial Sul
TX00074,CLI0122,VEI0480,Venda,23/10/2024,413197.37,,à vista,concluída,Claudia Reis,Filial Leste
TX00201,CLI0042,VEI0150,Compra,2025-05-24 00:00:00,378034.46,R$ 12923.56,Leasing,cancelada,,Filial Centro
TX00036,CLI0013,VEI0053,cOMPRA,28/01/2024 00:00,301750.37,4078.11,À Vista,Concluída,Jéssica Soares,Filial Oeste
TX00488,CLI0088,VEI0023,Venda,2025-02-28,50850.42,14004.46,PERMUTA,CONCLUÍDA,Amanda Luz,Filial Oeste
TX00132,CLI0439,VEI0136,Venda,2025-02-01 00:00:00,166658.87,,FINANCIAMENTO,Concluída,Claudia Reis,Matriz
TX00503,CLI0294,VEI0429,Venda,2025-01-29,161278.2,1100.93,Consórcio,EM ANDAMENTO,Roberto Nunes,Matriz
TX00321,CLI0304,VEI9968,vENDA,2025-01-13,0.0,R$ 7724.6,CONSORCIO,Cancelada,Amanda Luz,Matriz
TX00424,CLI0517,VEI0435,Compra,06/10/2025 00:00,44200.71,,PERMUTA,Andamento,Amanda Luz,Filial Centro
TX00517,CLI0461,VEI0159,Venda,2024-03-10,173274.59,,consórcio,Em andamento,Silvia Brum,Filial Oeste
TX00312,CLI0114,VEI0211,Venda,10/05/2024,90361.33,9839.31,CONSORCIO,concluido,Claudia Reis,Filial Oeste
TX00390,CLI0406,VEI0298,Venda,15/05/2025,449436.53,R$ 8454.42,Consórcio,Cancelado,Roberto Nunes,Filial Leste
TX00047,CLI9913,VEI0201,Compra,16/04/2025 00:00,370167.53,9054.22,consórcio,CANCELADA,Karina Dutra,Filial Oeste
TX00348,CLI0514,VEI9989,Compra,2025-08-05 00:00:00,182524.78,8429.39,Finaciamento,Cancelado,Humberto Mota,Matriz
TX00514,CLI0408,VEI0139,Venda,31/03/2025 00:00,327373.19,1519.94,PERMUTA,CANCELADA,Leticia Vale,Filial Norte
TX00501,CLI0171,VEI0417,Vend,29/09/2025 00:00,132324.13,1299.68,consoricio,Concluída,Renato Pires,Filial Sul
TX00391,CLI0078,VEI0462,Compra,2025-06-27,407168.78,R$ 10076.53,permuta,concluída,Renato Pires,Filial Leste
TX00106,CLI0203,VEI0275,Venda,21/09/2024,399052.48,5370.46,LEASING,EM ANDAMENTO,Karina Dutra,Filial Leste
TX00302,CLI0183,VEI0040,Venda,2025-04-03,95269.5,4989.32,Finaciamento,Andamento,Renato Pires,Matriz
TX00347,CLI0111,VEI0056,Compra,2024-06-14 00:00:00,321951.78,9338.01,permuta,concluido,Roberto Nunes,Filial Oeste
TX00001,CLI0295,VEI0392,Venda,2024-06-17,70220.07,8727.44,Leasing,CANCELADA,Silvia Brum,Filial Sul
TX00394,CLI0037,VEI0458,Venda,2024-04-25,50204.47,9351.29,Financiamento ,concluido,,Filial Norte
TX00491,CLI0509,VEI0494,Compra,2024-07-25 00:00:00,209855.86,7193.4,à vista,Concluída,Amanda Luz,Filial Sul
TX00078,CLI0078,VEI9913,Compra,11/01/2024 00:00,304201.43,,À Vista,concluída,,Filial Norte
TX00461,CLI0142,VEI0043,Venda,16/04/2024 00:00,151204.85,4162.88,Leasing,Em andamento,Cesar Lemos,Filial Sul
TX00011,CLI0253,VEI0106,COMPRA,13/06/2024,279473.1,914.3,leacing,em andamento,Roberto Nunes,Matriz
TX00291,CLI0285,VEI0099,Venda,07/11/2024 00:00,119082.55,R$ 4677.19,FINANCIAMENTO,Concluída,Cesar Lemos,Filial Oeste
TX00020,CLI0038,VEI0053,Compra,2025-10-08,292786.79,1371.97,Leasing,CONCLUIDA,Leticia Vale,Filial Leste
TX00045,CLI0179,VEI0404,Venda,01/05/2024 00:00,347258.96,,À Vista,EM ANDAMENTO,Amanda Luz,Filial Leste
TX00540,CLI0515,VEI0279,Venda,24/01/2024,94819.56,R$ 3050.41,Finaciamento,Em andamento,Cesar Lemos,Filial Norte
TX00256,,VEI0400,Venda,2026-03-03 00:00:00,315535.21,14666.61,CONSORCIO,Cancelado,Humberto Mota,Filial Centro
TX00133,CLI0286,VEI0465,Venda,2026-01-14,85437.57,339.39,CONSORCIO,concluido,Renato Pires,Filial Norte
TX00107,CLI0292,VEI0333,Venda,2025-05-21 00:00:00,195175.54,10368.51,financiamento,concluída,Cesar Lemos,Filial Leste
TX00383,CLI0029,VEI0434,Venda,2025-07-01 00:00:00,445230.2,12759.61,consórcio,concluido,,Filial Sul
TX00154,CLI0256,VEI0189,Compra,2024-06-18,127564.0,13985.99,Consórcio,Andamento,Cesar Lemos,Matriz
TX00220,CLI0373,VEI9916,Venda,23/06/2025 00:00,164666.71,12639.63,consórcio,em andamento,Karina Dutra,Filial Sul
TX00202,CLI0301,VEI0086,Venda,18/10/2025,273488.62,6371.27,Consórcio,Cancelada,Cesar Lemos,Filial Sul
TX00005,CLI0056,VEI0198,Venda,03/04/2025,410808.61,,consoricio,CANCELADA,Silvia Brum,Filial Centro
TX00090,CLI0436,VEI0173,Venda,2024-11-19,421996.7,,CONSORCIO,Concluido,Karina Dutra,
TX00219,CLI0217,VEI0201,Compra,13/10/2025 00:00,355063.05,,à vista,concluída,Jéssica Soares,Matriz
TX00085,CLI0021,VEI0176,Venda,2024-01-22 00:00:00,182674.3,,consoricio,Concluída,Renato Pires,Filial Leste
TX00296,,VEI9996,Compra,2024-01-02,67285.52,4353.31,consórcio,concluido,Leticia Vale,Filial Oeste
TX00355,CLI0471,VEI9937,Venda,03/07/2025,151882.05,6002.46,avista,Andamento,Karina Dutra,Matriz
TX00456,,,Venda,14/03/2025 00:00,325329.03,7662.94,A VISTA,em andamento,Tiago Borba,Matriz
TX00418,CLI0127,VEI0056,Venda,24/03/2025,327349.15,622.39,permuta,EM ANDAMENTO,Cesar Lemos,Filial Norte
TX00542,CLI0106,VEI0104,Compra,2024-03-18 00:00:00,377995.82,13009.56,Permuta,cancelada,Karina Dutra,Matriz
TX00080,CLI0388,VEI0036,cOMPRA,17/09/2025,190956.35,9643.31,Finaciamento,EM ANDAMENTO,Karina Dutra,Matriz
TX00128,CLI0434,VEI0407,Venda,30/07/2024,82296.42,,leacing,Cancelada,Karina Dutra,Filial Sul
TX00298,CLI0372,VEI0153,Vend,26/04/2025 00:00,80552.36,R$ 5797.82,leacing,CONCLUÍDA,Tiago Borba,Matriz
TX00495,CLI0446,VEI0503,Venda,2025-10-10,376166.62,R$ 2497.87,avista,Em andamento,Karina Dutra,Matriz
TX00046,CLI0474,VEI0123,Venda,2024-10-13,110580.37,9218.17,À Vista,Concluido,Humberto Mota,Filial Centro
TX00117,CLI0169,VEI0370,Venda,2025-02-01,161334.64,9490.6,LEASING,Em Andamento,Amanda Luz,Filial Leste
TX00116,CLI0088,VEI0304,Venda,15/11/2025 00:00,437712.72,R$ 6428.93,Leasing,Concluída,Amanda Luz,
TX00104,CLI0384,,Venda,2025-06-07,273311.56,14463.36,permuta,Em andamento,Marcos Fonseca,Filial Norte
TX00411,CLI0015,VEI0073,Venda,16/09/2025 00:00,190476.13,R$ 7010.56,financiamento,Cancelado,Roberto Nunes,Filial Centro
TX00450,CLI0471,VEI9904,Venda,29/01/2025,268691.81,12531.23,Leasing,Andamento,Jéssica Soares,Filial Centro
TX00513,CLI0144,VEI0143,Venda,10/03/2026 00:00,328385.32,R$ 14318.19,Finaciamento,Andamento,Leticia Vale,Filial Oeste
TX00367,CLI0189,VEI0260,Compra,2025-09-21,50965.19,,PERMUTA,CANCELADA,,Filial Oeste
TX00445,CLI0095,VEI0417,Vend,04/01/2024 00:00,131939.41,14747.75,A VISTA,EM ANDAMENTO,Humberto Mota,Filial Centro
TX00468,CLI0204,VEI0131,Compra,31/05/2024 00:00,119040.85,R$ 10119.79,leacing,EM ANDAMENTO,Karina Dutra,Filial Oeste
TX00528,CLI0406,VEI0087,Venda,26/08/2025,241917.04,4341.67,CONSORCIO,EM ANDAMENTO,,Filial Leste
TX00123,CLI0090,VEI0173,cOMPRA,28/01/2024,433362.46,9361.02,Financiamento ,CONCLUÍDA,Humberto Mota,Matriz
TX00384,CLI0030,VEI0143,cOMPRA,2024-03-17 00:00:00,303927.09,R$ 1024.08,CONSORCIO,concluída,Silvia Brum,Filial Norte
TX00492,CLI0361,VEI0054,Venda,08/07/2024 00:00,23225.62,3258.08,PERMUTA,concluída,Renato Pires,Filial Sul
TX00289,CLI0185,VEI0489,Venda,2025-05-02 00:00:00,109070.22,11798.37,permuta,Em andamento,Jéssica Soares,Filial Centro
TX00159,CLI0311,VEI0194,Venda,17/02/2026 00:00,147017.03,R$ 10099.32,Permuta,CONCLUÍDA,Renato Pires,Filial Norte
TX00325,CLI0310,VEI0366,Compra,10/09/2025 00:00,123440.71,6418.19,consórcio,concluido,Marcos Fonseca,Filial Oeste
TX00403,CLI0062,VEI0149,Compra,2025-02-06,325383.21,14111.43,leacing,Andamento,Silvia Brum,Filial Leste
TX00205,CLI0188,VEI0230,Venda,03/09/2025 00:00,371395.98,3405.76,avista,em andamento,Cesar Lemos,Matriz
TX00538,CLI0429,VEI0330,Venda,22/04/2025,300059.23,13778.1,financiamento,CONCLUÍDA,Amanda Luz,Filial Sul
TX00210,CLI0378,VEI0362,compra,24/08/2025 00:00,408049.82,12717.49,A VISTA,Em andamento,Cesar Lemos,Filial Oeste
TX00143,CLI0391,VEI0438,compra,2024-11-04,418079.67,11111.51,CONSORCIO,CONCLUÍDA,Cesar Lemos,Filial Sul
TX00505,CLI0024,VEI0330,Venda,2025-11-27 00:00:00,310241.84,,leacing,CONCLUIDA,Renato Pires,Filial Leste
TX00053,CLI0141,VEI9983,Compra,2024-08-01,219242.57,2565.83,A VISTA,Cancelado,Cesar Lemos,
TX00122,CLI0406,VEI0222,Venda,30/04/2025,261909.4,9651.63,FINANCIAMENTO,Cancelado,Claudia Reis,Filial Sul
TX00413,CLI0154,VEI0233,Venda,2024-02-08,290968.83,,à vista,Em Andamento,Humberto Mota,Filial Centro
TX00131,CLI0274,VEI0435,Venda,04/05/2024 00:00,41949.43,3512.72,permuta,concluída,Claudia Reis,Filial Sul
TX00167,CLI0440,,Venda,2025-08-15,262860.37,5073.77,PERMUTA,concluido,Leticia Vale,Matriz
TX00286,CLI0143,VEI0214,Compra,2025-10-19 00:00:00,103591.11,5332.79,LEASING,Em Andamento,Jéssica Soares,Filial Oeste
TX00024,CLI0325,VEI0511,Venda,2024-06-07 00:00:00,371785.08,11528.22,Finaciamento,Em andamento,Marcos Fonseca,Filial Centro
TX00014,CLI0483,VEI9950,Compra,2024-09-25 00:00:00,123080.81,,CONSORCIO,EM ANDAMENTO,Jéssica Soares,Filial Leste
TX00380,CLI0291,VEI0026,Venda,17/06/2024,355054.29,4513.39,LEASING,CONCLUIDA,Tiago Borba,Filial Centro
TX00301,CLI0307,VEI0332,Venda,2025-02-02 00:00:00,329956.19,10866.7,avista,EM ANDAMENTO,Karina Dutra,Filial Norte
TX00231,CLI0306,VEI0320,Venda,27/02/2024,369784.16,,CONSORCIO,Concluída,Marcos Fonseca,Filial Leste
TX00065,CLI9918,VEI0223,Venda,13/02/2024,374559.4,R$ 5545.22,Consórcio,Andamento,Marcos Fonseca,Filial Norte
TX00189,CLI0025,VEI0328,Venda,08/09/2024 00:00,370850.22,8387.3,FINANCIAMENTO,Concluido,Jéssica Soares,Filial Norte
TX00030,CLI9975,VEI0205,Venda,06/08/2025 00:00,29078.87,9528.2,financiamento,EM ANDAMENTO,Cesar Lemos,Filial Norte
TX00398,CLI0028,VEI0088,Venda,27/08/2025 00:00,-169378.5,12500.32,consórcio,concluido,Tiago Borba,Filial Leste
TX00454,CLI9948,VEI0160,Venda,17/02/2025 00:00,322727.21,1555.62,PERMUTA,concluída,,Filial Oeste
TX00457,CLI0271,VEI0129,Venda,2025-11-02,133699.95,6550.69,Financiamento ,cancelada,Silvia Brum,Matriz
TX00290,CLI0299,VEI0007,Compra,11/02/2025,101423.01,2942.41,Leasing,Cancelada,Marcos Fonseca,Matriz
TX00447,CLI0093,VEI0311,Venda,10/04/2025,108731.24,2375.33,Permuta,cancelada,Claudia Reis,Filial Leste
TX00206,CLI0411,VEI0431,Venda,19/02/2026 00:00,399272.85,,Consórcio,concluída,Marcos Fonseca,Filial Oeste
TX00200,CLI0471,VEI0164,Venda,03/02/2024 00:00,377262.85,11329.3,consoricio,Andamento,Amanda Luz,Filial Leste
TX00506,CLI0069,VEI0319,Compra,12/11/2025 00:00,166902.58,5071.5,À Vista,CONCLUÍDA,Leticia Vale,Filial Centro
TX00197,CLI0484,VEI0121,Compra,18/09/2025,212831.25,,LEASING,Concluido,Karina Dutra,Filial Norte
TX00177,CLI0505,VEI0479,Compra,22/11/2024 00:00,0.0,7258.24,avista,Cancelada,Silvia Brum,Filial Leste
TX00329,CLI0201,VEI0021,Venda,2025-03-25 00:00:00,93190.16,1864.83,Finaciamento,CANCELADA,Amanda Luz,Filial Sul
TX00044,CLI0155,VEI0243,Compra,2025-06-06 00:00:00,371199.02,3739.89,Consórcio,CONCLUÍDA,Tiago Borba,Filial Sul
TX00027,CLI0304,VEI0056,Compra ,2026-03-02,332573.01,R$ 12052.11,à vista,Andamento,Tiago Borba,Filial Sul
TX00233,CLI0108,VEI0377,cOMPRA,2024-03-20,106119.59,14013.48,à vista,CONCLUÍDA,Claudia Reis,Filial Oeste
TX00462,CLI0083,VEI9958,Venda,2024-02-04 00:00:00,202741.23,11321.89,avista,Em Andamento,Marcos Fonseca,Filial Sul
TX00077,CLI0499,VEI0481,Venda,07/03/2024 00:00,58808.26,R$ 12975.3,Consórcio,concluída,Claudia Reis,Matriz
TX00388,CLI0318,VEI0142,compra,2025-11-19,148762.06,8102.79,à vista,CONCLUIDA,Karina Dutra,Matriz
TX00487,CLI0087,VEI0517,Compra,2025-12-01,247246.75,13861.41,Permuta,cancelada,Jéssica Soares,Filial Leste
TX00165,CLI0106,VEI0400,Venda,23/09/2025 00:00,305719.75,7592.51,permuta,Andamento,Claudia Reis,Filial Centro
TX00372,CLI0372,VEI0124,Venda,16/02/2026,155826.29,14848.75,Finaciamento,concluido,Claudia Reis,Filial Oeste
TX00037,CLI0247,VEI0215,Venda,09/06/2024,424380.37,1065.5,Finaciamento,concluido,Leticia Vale,Filial Oeste
TX00428,CLI0508,VEI0381,Venda,06/02/2024,164088.2,9125.85,Finaciamento,CANCELADA,Renato Pires,Matriz
TX00158,CLI0328,VEI0002,Venda,21/04/2025,282905.24,12480.18,FINANCIAMENTO,CONCLUÍDA,Roberto Nunes,Filial Leste
TX00003,CLI0202,VEI0111,cOMPRA,29/11/2025 00:00,88038.63,7940.23,PERMUTA,CANCELADA,Silvia Brum,Filial Norte
TX00433,,VEI9946,Compra,12/04/2024,263925.39,4563.32,Financiamento ,em andamento,Roberto Nunes,Filial Sul
TX00239,CLI0419,VEI0367,Venda,04/04/2025 00:00,334854.35,R$ 9480.7,Leasing,concluido,Marcos Fonseca,Filial Sul
TX00086,CLI9904,VEI0256,Venda,2024-02-14 00:00:00,211161.4,R$ 13921.9,LEASING,Em andamento,Roberto Nunes,Filial Sul
TX00119,,VEI0285,Venda,07/10/2025 00:00,143439.01,,A VISTA,Concluída,Karina Dutra,Filial Norte
TX00369,CLI0124,VEI0336,Vend,05/09/2024 00:00,96638.77,14359.61,leacing,Cancelado,Humberto Mota,Filial Centro
TX00386,CLI0315,VEI0240,Venda,2025-03-05 00:00:00,369866.38,7834.64,Finaciamento,concluída,Claudia Reis,
TX00146,CLI0441,VEI0104,Venda,2024-05-08 00:00:00,414422.68,6230.92,Finaciamento,Em Andamento,Cesar Lemos,Filial Oeste
TX00213,CLI0148,VEI0036,Venda,2025-07-07 00:00:00,214390.56,,Finaciamento,CANCELADA,Cesar Lemos,Matriz
TX00511,CLI0148,VEI0377,Venda,22/08/2025,119448.81,R$ 6706.74,consoricio,Em andamento,Tiago Borba,Filial Sul
TX00277,CLI0262,VEI0433,Venda,2025-06-16 00:00:00,148827.17,5006.87,à vista,CONCLUIDA,Renato Pires,Filial Oeste
TX00160,CLI0156,VEI0164,Compra,18/08/2025,350532.62,3858.71,à vista,CONCLUIDA,Karina Dutra,Filial Sul
TX00098,CLI0183,VEI0217,Venda,03/02/2025,175495.07,4961.12,LEASING,Cancelada,Roberto Nunes,Matriz
TX00343,CLI0486,VEI0510,Compra,02/05/2025 00:00,68359.5,,Financiamento ,Concluída,Amanda Luz,Filial Norte
TX00439,CLI0424,VEI0433,Vend,2026-03-17,134921.51,3998.5,Financiamento ,Cancelado,Marcos Fonseca,Filial Leste
TX00370,CLI0366,VEI0190,Venda,2025-04-24 00:00:00,381965.11,1953.55,avista,Cancelada,Roberto Nunes,Matriz
TX00283,CLI0086,VEI0350,Venda,2026-03-06 00:00:00,473780.05,11599.9,PERMUTA,Cancelada,Renato Pires,Filial Norte
TX00107,CLI0292,VEI0333,Venda,2025-05-21 00:00:00,195175.54,10368.51,financiamento,concluída,Cesar Lemos,Filial Leste
TX00378,CLI0131,VEI0169,vENDA,19/02/2024,46487.54,,avista,EM ANDAMENTO,Claudia Reis,Filial Leste
TX00176,CLI0335,VEI0124,Venda,29/06/2024 00:00,166360.48,3254.77,CONSORCIO,CONCLUÍDA,Amanda Luz,Filial Sul
TX00407,CLI0438,VEI0109,Venda,2024-03-20,320952.11,10773.94,Consórcio,CONCLUIDA,Jéssica Soares,Matriz
TX00327,CLI0481,VEI0193,Venda,2024-10-23 00:00:00,441678.55,13333.29,À Vista,cancelada,Marcos Fonseca,Filial Norte
TX00395,CLI0106,VEI0152,compra,30/06/2024 00:00,385644.45,9947.98,consoricio,Em andamento,Silvia Brum,Filial Norte
TX00267,CLI0372,VEI0304,Venda,2025-12-01,404512.55,11569.03,Financiamento ,Andamento,Roberto Nunes,Filial Sul
TX00021,CLI0288,VEI0302,VENDA,13/02/2026,80687.3,R$ 9924.59,Financiamento ,CONCLUÍDA,Jéssica Soares,Filial Leste
TX00482,CLI0027,VEI0136,Venda,07/07/2024 00:00,148387.5,5864.18,PERMUTA,Cancelado,Humberto Mota,Filial Sul
TX00012,CLI0178,VEI0119,Compra,05/04/2025,101412.27,13820.21,PERMUTA,Em andamento,Jéssica Soares,Filial Oeste
TX00419,CLI0356,VEI0502,Compra,2025-01-15,228883.32,7143.49,financiamento,Concluido,Leticia Vale,Filial Sul
TX00484,CLI0159,VEI0143,Compra,12/05/2025 00:00,340559.23,,A VISTA,Concluída,Amanda Luz,Filial Sul
TX00458,CLI0107,VEI0029,Venda,02/08/2024 00:00,126992.48,10775.36,permuta,CONCLUIDA,Jéssica Soares,Filial Leste
TX00436,CLI0213,VEI0053,Venda,2024-12-22,300213.64,14828.02,Financiamento ,Andamento,Karina Dutra,Filial Norte
TX00237,CLI0171,VEI0071,Venda,12/07/2024 00:00,510411.55,12688.06,avista,concluída,Claudia Reis,Filial Centro
TX00163,CLI0365,VEI0084,Venda,2024-01-06,258915.85,4330.26,Financiamento ,concluido,Marcos Fonseca,Filial Norte
TX00151,CLI0520,VEI0496,Compra,2025-09-29,466460.81,9425.49,permuta,em andamento,,Filial Oeste
TX00166,CLI9926,VEI0285,Compra,02/10/2024 00:00,150343.1,R$ 10663.12,consórcio,CONCLUIDA,Renato Pires,Filial Norte
TX00209,CLI0237,VEI0443,Compra,02/12/2024,250016.29,R$ 6716.14,Finaciamento,Cancelado,Roberto Nunes,Filial Leste
TX00261,CLI0414,VEI0098,Venda,2024-02-01 00:00:00,334378.62,R$ 10917.19,Finaciamento,concluido,Amanda Luz,Filial Norte
TX00232,CLI0298,VEI0174,Venda,24/02/2025 00:00,399328.29,,Leasing,Em Andamento,Amanda Luz,Filial Leste
TX00328,CLI0409,VEI0318,Venda,15/12/2024 00:00,388362.36,R$ 6711.41,Consórcio,em andamento,Humberto Mota,
TX00432,,VEI0128,Venda,2025-06-30,30985.0,10554.33,PERMUTA,CONCLUÍDA,Renato Pires,Matriz
TX00043,CLI0304,VEI0139,Venda,2025-05-06 00:00:00,299219.26,R$ 5762.61,consoricio,CONCLUIDA,Leticia Vale,Filial Oeste
TX00093,CLI0381,VEI0442,Venda,10/03/2026,109224.77,,A VISTA,CANCELADA,Humberto Mota,Filial Leste
TX00406,CLI0355,VEI0176,Venda,2026-01-19 00:00:00,195886.46,11997.96,consórcio,Cancelada,Renato Pires,Filial Centro
TX00464,CLI9924,VEI0234,Compra,22/09/2024 00:00,385875.5,7782.7,consórcio,Cancelado,Marcos Fonseca,Filial Sul
TX00244,CLI0086,VEI0095,Venda,13/04/2024 00:00,33067.62,1583.67,PERMUTA,cancelada,Jéssica Soares,Filial Norte
TX00362,CLI0350,VEI0399,compra,28/10/2024,428983.52,6903.28,Financiamento ,CONCLUÍDA,,Filial Sul
TX00156,CLI0320,VEI0362,Compra,2025-10-06,418573.47,10693.62,leacing,concluido,,Filial Centro
TX00330,CLI0332,VEI0438,Venda,2025-03-18,425167.3,9751.26,permuta,Em andamento,Claudia Reis,Filial Centro
TX00147,CLI0418,VEI0104,Compra,2024-01-31 00:00:00,396036.73,5060.86,PERMUTA,Em Andamento,Roberto Nunes,Matriz
TX00485,CLI0499,VEI0435,Compra,2024-08-27 00:00:00,42505.06,14876.92,permuta,em andamento,,Filial Centro
TX00284,CLI0072,,Compra,2025-05-13 00:00:00,161713.35,11428.74,leacing,concluido,Amanda Luz,Filial Centro
TX00521,CLI0093,VEI0190,Venda,11/04/2025 00:00,330981.93,R$ 8098.0,A VISTA,Cancelada,,
TX00385,CLI0060,VEI0104,Compra ,2025-01-06,411075.77,R$ 1325.3,FINANCIAMENTO,EM ANDAMENTO,Tiago Borba,Filial Sul
TX00282,CLI0378,VEI0501,Venda,2025-09-26 00:00:00,526366.44,1301.68,consórcio,concluido,Silvia Brum,Filial Centro
TX00295,CLI0046,VEI0066,Venda,2024-08-07 00:00:00,326576.22,8561.04,Finaciamento,Em Andamento,Silvia Brum,Filial Centro
TX00481,CLI0079,VEI0355,Compra,06/01/2025,117136.34,R$ 10498.54,consórcio,concluido,Marcos Fonseca,Filial Leste
TX00489,CLI0140,VEI0314,Compra,2025-01-22 00:00:00,349316.96,R$ 7702.45,À Vista,CONCLUIDA,Marcos Fonseca,Filial Oeste
TX00169,CLI0357,VEI0284,Venda,16/07/2024,95241.51,6489.47,Permuta,CONCLUÍDA,Leticia Vale,Filial Leste
TX00208,CLI0262,VEI0063,Venda,19/11/2025 00:00,90392.77,,financiamento,em andamento,Tiago Borba,Matriz
TX00320,CLI0269,VEI0212,Venda,2025-10-29,268315.37,7274.42,FINANCIAMENTO,CONCLUIDA,Renato Pires,Matriz
TX00023,CLI0333,VEI0200,Venda,2024-10-19 00:00:00,120349.1,R$ 9060.53,Permuta,CANCELADA,Amanda Luz,Filial Oeste
TX00326,CLI0023,VEI0414,Venda,2024-06-13,397844.6,R$ 5411.51,FINANCIAMENTO,Em Andamento,Leticia Vale,Filial Norte
TX00264,CLI0077,VEI0410,Venda,2025-09-26 00:00:00,136053.91,R$ 13895.83,A VISTA,Em andamento,Amanda Luz,Filial Sul
TX00215,CLI0166,VEI0183,Venda,2025-06-03,316014.28,7362.13,CONSORCIO,Em Andamento,Jéssica Soares,Filial Sul
TX00473,CLI0123,VEI0359,Venda,29/05/2024,244523.79,,LEASING,Cancelado,Leticia Vale,Filial Oeste
TX00219,CLI0217,VEI0201,Compra,13/10/2025 00:00,355063.05,,à vista,concluída,Jéssica Soares,Matriz
TX00508,CLI0341,VEI0034,Compra ,28/11/2024 00:00,367894.42,,CONSORCIO,EM ANDAMENTO,,Filial Oeste
TX00430,CLI0103,VEI0388,Venda,17/05/2025,268058.11,,Permuta,CANCELADA,Humberto Mota,Filial Centro
TX00262,CLI0500,VEI0484,Venda,2025-11-03 00:00:00,68209.59,7264.84,Leasing,Andamento,Leticia Vale,Filial Oeste
TX00276,CLI0094,VEI0018,Venda,2025-08-18,408240.62,,avista,CANCELADA,Claudia Reis,Filial Oeste
TX00245,CLI0277,VEI0377,compra,2025-10-14 00:00:00,111096.04,10133.78,PERMUTA,Concluída,Claudia Reis,Filial Norte
TX00342,CLI0007,VEI0202,Vend,2024-12-15,38234.87,6299.65,consoricio,concluída,Silvia Brum,Filial Sul
TX00529,CLI0119,VEI0181,Compra,2025-02-14,-169973.65,,consoricio,CONCLUIDA,Marcos Fonseca,Filial Norte
TX00483,CLI0396,VEI9975,Venda,22/10/2025 00:00,108378.38,12376.22,consoricio,CONCLUIDA,Claudia Reis,Filial Norte
TX00243,CLI0399,VEI0089,Venda,2024-08-04 00:00:00,0.0,,avista,CONCLUIDA,Jéssica Soares,Matriz
TX00455,CLI0501,VEI0490,Compra,20/01/2026,0.0,3587.03,FINANCIAMENTO,Andamento,Karina Dutra,Filial Leste
TX00100,CLI0107,VEI0275,Venda,2024-03-30,396714.38,,CONSORCIO,Em Andamento,Silvia Brum,Matriz
TX00164,CLI0409,VEI0072,Venda,01/12/2024 00:00,304052.66,10964.44,à vista,Cancelado,Amanda Luz,Filial Norte
TX00417,CLI0498,VEI9969,Venda,10/05/2024 00:00,154797.12,9779.15,Leasing,Em andamento,Karina Dutra,Matriz
TX00259,CLI0413,VEI0490,Venda,2024-02-06,71665.12,R$ 6195.97,Permuta,CONCLUÍDA,Renato Pires,Filial Norte
TX00477,CLI0437,VEI0354,Venda,14/07/2024,410014.06,722.77,Permuta,EM ANDAMENTO,Renato Pires,Matriz
TX00185,CLI9951,VEI0346,Venda,26/05/2024 00:00,-179564.67,R$ 6978.63,consoricio,CONCLUIDA,Jéssica Soares,Filial Leste
TX00250,CLI9921,VEI0275,Venda,07/09/2024 00:00,395389.78,R$ 14425.37,Consórcio,concluido,Cesar Lemos,Filial Centro
TX00310,CLI0454,,Compra,2025-09-18 00:00:00,427028.73,5375.18,avista,Em andamento,Cesar Lemos,Filial Sul
TX00312,CLI0114,VEI0211,Venda,10/05/2024,90361.33,9839.31,CONSORCIO,concluido,Claudia Reis,Filial Oeste
TX00208,CLI0262,VEI0063,Venda,19/11/2025 00:00,90392.77,,financiamento,em andamento,Tiago Borba,Matriz
TX00275,CLI0349,VEI0485,vENDA,15/01/2024 00:00,299881.45,,À Vista,CONCLUÍDA,Karina Dutra,Filial Leste
TX00271,CLI0304,VEI0290,Venda,2024-06-24,125089.58,11020.15,Permuta,concluída,Amanda Luz,Filial Centro
TX00206,CLI0411,VEI0431,Venda,19/02/2026 00:00,399272.85,,Consórcio,concluída,Marcos Fonseca,Filial Oeste
TX00172,CLI0309,VEI0191,Venda,2024-04-20 00:00:00,91550.05,,financiamento,Andamento,Amanda Luz,Filial Norte
TX00216,CLI0372,VEI0429,Venda,15/11/2025 00:00,0.0,7478.45,A VISTA,CANCELADA,Tiago Borba,Filial Sul
TX00092,CLI0437,VEI0092,Compra,23/09/2024 00:00,348140.65,R$ 6512.55,CONSORCIO,em andamento,Humberto Mota,Filial Leste
TX00393,CLI0436,VEI9904,Compra,12/12/2024,104249.04,14695.82,Financiamento ,CANCELADA,Jéssica Soares,Matriz
TX00054,CLI0344,VEI0305,Compra,2024-07-21 00:00:00,368753.17,11267.47,CONSORCIO,CANCELADA,Leticia Vale,Filial Centro
TX00493,CLI0395,VEI0324,Compra,2024-05-16,108682.72,,À Vista,em andamento,Roberto Nunes,Filial Leste
TX00303,CLI0109,VEI0313,Venda,2025-01-03,132829.93,3129.17,LEASING,concluido,Karina Dutra,Matriz
TX00350,CLI0377,VEI0487,Compra,29/06/2025 00:00,128349.51,10068.67,Financiamento ,concluída,Renato Pires,Filial Centro
TX00229,CLI0157,VEI0168,Venda,24/01/2026,278867.33,R$ 6475.11,A VISTA,CONCLUÍDA,Silvia Brum,Filial Oeste
TX00129,CLI0070,VEI0235,Venda,15/01/2024 00:00,231320.58,4142.25,Permuta,concluída,Silvia Brum,
TX00453,CLI0062,VEI0434,Venda,2024-10-09 00:00:00,424152.67,3982.31,Consórcio,Concluido,Leticia Vale,
TX00387,CLI0037,VEI0313,Venda,2025-02-23,138437.01,R$ 12700.55,PERMUTA,Cancelada,Claudia Reis,Matriz
TX00040,CLI0365,VEI9943,Venda,2024-08-04 00:00:00,250577.49,,CONSORCIO,EM ANDAMENTO,Silvia Brum,Filial Centro
TX00331,CLI0495,VEI0235,Compra,25/01/2025,240035.79,6381.89,CONSORCIO,concluída,Leticia Vale,Filial Norte
TX00474,CLI0498,VEI0463,Compra,02/05/2024 00:00,261334.44,,consórcio,Concluída,,Filial Centro
TX00103,CLI0479,,Venda,2024-06-14 00:00:00,458754.74,R$ 7389.01,FINANCIAMENTO,EM ANDAMENTO,Renato Pires,
TX00204,CLI9978,VEI0423,Vend,28/07/2025,232106.71,5670.5,consórcio,em andamento,Renato Pires,Filial Norte
TX00168,CLI0326,VEI0163,Venda,2025-08-18 00:00:00,295599.33,6091.56,Consórcio,Em andamento,Silvia Brum,Filial Norte
TX00135,CLI0490,VEI0384,Venda,2024-12-24 00:00:00,195606.76,5359.33,Financiamento ,CONCLUÍDA,Leticia Vale,Filial Oeste
TX00422,CLI0361,VEI0269,Venda,2025-06-04 00:00:00,0.0,1968.85,leacing,Em andamento,Marcos Fonseca,Filial Centro
TX00345,CLI0104,VEI0454,Compra,2025-03-27 00:00:00,238679.86,R$ 2679.17,Financiamento ,Em Andamento,Claudia Reis,Filial Oeste
TX00543,CLI0049,VEI0005,Venda,14/05/2024 00:00,181121.06,,À Vista,Andamento,Roberto Nunes,Filial Oeste
TX00018,CLI0221,VEI0328,Venda,2024-11-14 00:00:00,352120.81,5697.46,CONSORCIO,CONCLUIDA,Leticia Vale,Filial Leste
TX00496,CLI0260,VEI0013,Compra,2025-04-29 00:00:00,433529.82,1093.86,A VISTA,CANCELADA,Karina Dutra,Filial Leste
TX00451,CLI0016,VEI0383,Venda,28/02/2025 00:00,140755.82,7687.97,Permuta,Concluido,Roberto Nunes,Filial Leste
TX00034,CLI0332,VEI0284,Venda,12/12/2025 00:00,99240.89,2512.41,permuta,Concluido,Leticia Vale,Filial Norte
TX00446,CLI0393,VEI0009,Venda,2025-07-04,300407.04,1910.96,Financiamento ,Em andamento,Jéssica Soares,
TX00476,CLI0092,,Compra,20/03/2026,496873.42,,consórcio,CANCELADA,Karina Dutra,Filial Sul
TX00217,CLI0011,VEI0226,Venda,2024-02-05,377332.21,3348.47,Leasing,Cancelado,Marcos Fonseca,Matriz
TX00083,CLI0148,VEI0388,Vend,14/07/2024,281766.15,R$ 12429.43,leacing,CONCLUIDA,Humberto Mota,Filial Leste
TX00225,CLI0085,VEI0259,Venda,12/06/2024,554683.1,13388.17,À Vista,Em Andamento,Silvia Brum,Matriz
TX00042,CLI0045,VEI0406,compra,12/09/2024 00:00,35990.92,2309.73,Financiamento ,CANCELADA,Roberto Nunes,
TX00099,CLI0389,VEI9902,Compra,16/04/2024,250843.92,12025.72,financiamento,concluída,Leticia Vale,Matriz
TX00093,CLI0381,VEI0442,Venda,10/03/2026,109224.77,,A VISTA,CANCELADA,Humberto Mota,Filial Leste
TX00192,CLI0156,VEI0148,Venda,2024-08-29,73352.69,6745.97,financiamento,EM ANDAMENTO,Humberto Mota,Matriz
TX00499,CLI0184,VEI0450,VENDA,04/08/2024 00:00,189762.0,R$ 6622.36,à vista,Andamento,Leticia Vale,Filial Centro
TX00108,CLI0345,VEI0336,Compra,2026-02-26,89717.05,6992.23,avista,Concluída,Marcos Fonseca,Filial Oeste
TX00346,CLI0489,VEI0036,Compra,2024-02-11,191844.62,8513.58,À Vista,concluída,Roberto Nunes,Filial Sul
TX00235,CLI0360,VEI0308,Venda,28/12/2024,352304.59,6778.43,CONSORCIO,CONCLUIDA,Amanda Luz,Filial Sul
TX00270,,VEI0069,venda,30/03/2024 00:00,34707.08,619.32,CONSORCIO,Concluída,Marcos Fonseca,Filial Norte
TX00007,CLI9961,VEI0458,Compra ,30/10/2025,46966.34,5921.78,Permuta,cancelada,Marcos Fonseca,Matriz
TX00486,CLI0202,,COMPRA,2024-06-26 00:00:00,217269.84,,À Vista,CONCLUIDA,Renato Pires,Filial Sul
TX00537,CLI0293,VEI0384,Compra,2024-06-21 00:00:00,191885.92,4307.78,à vista,Concluido,Claudia Reis,Matriz
TX00402,CLI0429,VEI0207,Venda,2026-03-05,48216.3,8392.39,Permuta,CANCELADA,Humberto Mota,Matriz
TX00260,CLI0253,VEI0504,Compra,12/12/2025,97464.28,R$ 13198.66,PERMUTA,CONCLUÍDA,Amanda Luz,Filial Oeste
TX00359,CLI0223,VEI0086,Venda,29/08/2024,301002.27,10385.3,LEASING,Concluido,Karina Dutra,Filial Oeste
TX00048,CLI0048,VEI0007,Venda,2025-02-03,111264.22,14513.72,Financiamento ,em andamento,Cesar Lemos,Filial Leste
TX00249,CLI0299,VEI0463,Venda,09/06/2024 00:00,291983.97,756.02,LEASING,Em Andamento,Marcos Fonseca,Filial Sul
TX00426,,VEI0399,Venda,01/06/2025 00:00,-368439.73,6710.2,financiamento,Em andamento,Jéssica Soares,Filial Leste
TX00194,CLI0455,,Venda,2024-01-25,315799.44,8644.77,LEASING,Andamento,Renato Pires,Filial Oeste
TX00416,CLI0153,VEI0035,Venda,2025-09-19 00:00:00,105824.05,14706.65,à vista,Em Andamento,Humberto Mota,Filial Norte
TX00524,CLI0237,VEI0472,Venda,2024-07-15,57105.36,,Permuta,concluída,Karina Dutra,Filial Leste
TX00545,CLI0288,VEI0192,Venda,27/05/2025 00:00,126102.16,R$ 2793.01,consoricio,Andamento,Jéssica Soares,Filial Centro
TX00500,CLI0422,VEI0038,Venda,2025-09-18,302022.2,9889.52,Leasing,CONCLUÍDA,Amanda Luz,Filial Oeste
TX00084,CLI0515,VEI0022,Compra,14/02/2025,293259.82,R$ 24.68,permuta,EM ANDAMENTO,Claudia Reis,Filial Centro
TX00066,CLI0478,VEI0511,Venda,2024-06-09,375367.95,10911.11,consoricio,Andamento,Amanda Luz,Filial Oeste
TX00366,CLI0228,VEI0348,Compra,01/08/2024 00:00,333837.84,14560.37,Permuta,Concluída,Renato Pires,Filial Norte
TX00240,CLI0091,VEI0029,Compra,2025-08-22 00:00:00,141489.49,11444.43,PERMUTA,CANCELADA,Humberto Mota,Filial Leste
TX00139,CLI0353,VEI0376,vENDA,2025-07-30 00:00:00,386632.9,8874.75,LEASING,Andamento,Silvia Brum,Filial Sul
TX00137,CLI0366,VEI0343,Venda,2024-12-09 00:00:00,219065.73,,Finaciamento,concluido,Leticia Vale,Filial Leste
TX00035,CLI0145,VEI0036,Venda,31/03/2024,205311.29,,avista,CONCLUÍDA,Leticia Vale,Filial Oeste
TX00412,CLI0258,VEI0333,Compra,01/10/2024 00:00,207992.03,2096.87,avista,concluída,Marcos Fonseca,Matriz
TX00336,CLI0154,VEI0256,Venda,2024-12-31,201279.77,14420.75,consoricio,concluido,Karina Dutra,Filial Sul
TX00230,CLI0261,VEI0520,Compra,14/10/2024 00:00,481326.72,R$ 12241.76,PERMUTA,Cancelada,Karina Dutra,Filial Centro
TX00130,CLI0439,VEI0204,cOMPRA,18/10/2024 00:00,483635.69,4033.95,Permuta,CONCLUIDA,Leticia Vale,Filial Leste
TX00184,CLI0007,VEI0460,Venda,2025-08-17,315338.0,,avista,concluída,Tiago Borba,Matriz
TX00278,CLI0088,VEI0033,Venda,2025-05-15,391547.14,2064.35,PERMUTA,Andamento,Tiago Borba,Filial Centro
TX00073,CLI0454,VEI0105,Venda,2024-10-15 00:00:00,144231.71,,Permuta,concluido,Tiago Borba,Filial Leste
TX00308,CLI0311,VEI0514,Venda,07/03/2024 00:00,370839.41,12545.16,avista,CONCLUÍDA,Jéssica Soares,Filial Sul
TX00288,CLI0410,VEI0191,Vend,2024-07-10 00:00:00,103067.7,4088.72,FINANCIAMENTO,Andamento,Leticia Vale,Filial Sul
TX00536,CLI0493,VEI0493,Venda,28/06/2024 00:00,0.0,7547.42,Finaciamento,CANCELADA,,Filial Leste
TX00333,CLI0125,VEI0179,Venda,12/03/2025,265561.83,8113.19,avista,Andamento,Cesar Lemos,Filial Centro
TX00020,CLI0038,VEI0053,Compra,2025-10-08,292786.79,1371.97,Leasing,CONCLUIDA,Leticia Vale,Filial Leste
TX00341,CLI0114,VEI0285,vENDA,2026-01-24,162589.95,9430.6,Consórcio,EM ANDAMENTO,Silvia Brum,Filial Oeste
TX00392,CLI0264,VEI0254,Venda,29/09/2025,48860.12,3971.73,PERMUTA,Andamento,Cesar Lemos,Filial Centro
TX00371,CLI0451,VEI0475,Compra,2024-10-04,117236.2,8356.35,Permuta,CANCELADA,Claudia Reis,Matriz
TX00082,,VEI0164,Venda,2025-04-24,374095.69,R$ 6832.75,Leasing,cancelada,Silvia Brum,Filial Norte
TX00187,CLI0431,VEI0261,venda,26/05/2025,113697.76,425.7,à vista,Em andamento,Leticia Vale,Matriz
TX00026,CLI0319,VEI0341,Venda,10/04/2025,0.0,14324.96,financiamento,CONCLUÍDA,Silvia Brum,Filial Sul
TX00257,CLI0123,VEI0113,Venda,2025-11-19 00:00:00,-436129.29,R$ 5706.73,Financiamento ,concluída,Claudia Reis,Filial Oeste
TX00311,CLI0013,VEI0363,Venda,2024-02-08 00:00:00,-293410.54,3285.66,Financiamento ,CONCLUÍDA,Leticia Vale,Filial Sul
TX00365,CLI9911,VEI0003,Venda,2025-09-21,0.0,4449.16,permuta,Em Andamento,Silvia Brum,Filial Oeste
TX00293,CLI0109,,Venda,2025-10-19,327094.27,,Leasing,Andamento,Tiago Borba,Filial Norte
TX00071,CLI0323,VEI0163,Venda,08/06/2024,295794.61,,avista,CONCLUIDA,Renato Pires,Filial Sul
TX00410,CLI0292,VEI0208,Venda,18/10/2025,136010.9,7657.13,Leasing,Concluido,Marcos Fonseca,Filial Leste
TX00223,CLI0393,VEI0237,Venda,2025-05-10,165483.2,4760.06,consoricio,concluido,Marcos Fonseca,Filial Centro
TX00016,CLI0067,VEI0413,Venda,2025-12-19,299952.41,R$ 1605.26,PERMUTA,Andamento,Silvia Brum,Filial Centro
TX00546,CLI0135,VEI0194,Compra,2025-11-07 00:00:00,-139041.55,3240.75,Leasing,CONCLUIDA,Karina Dutra,Filial Centro
TX00281,CLI0002,VEI0264,Compra,2025-07-25,48456.39,R$ 599.79,Consórcio,CANCELADA,Cesar Lemos,Filial Leste
TX00400,CLI0026,VEI0056,Vend,05/06/2024 00:00,350632.31,6306.66,à vista,Concluido,Humberto Mota,Filial Leste
TX00512,CLI0121,VEI9965,Compra,13/08/2025 00:00,239803.73,9478.28,A VISTA,CONCLUIDA,Karina Dutra,Matriz
TX00115,CLI0247,VEI0083,Venda,2024-10-30,284702.01,R$ 14498.9,consoricio,Concluido,Amanda Luz,Matriz
TX00174,CLI0019,VEI0260,Venda,19/07/2024 00:00,48089.54,14175.2,consórcio,Em andamento,Amanda Luz,Matriz
TX00140,CLI0452,VEI0260,Compra,2025-04-02 00:00:00,47520.0,,FINANCIAMENTO,cancelada,Claudia Reis,Filial Oeste
