id_veiculo,marca,modelo,categoria,ano_fabricacao,ano_modelo,cor,tipo_veiculo,km,preco_custo,preco_venda,status_estoque,placa,data_entrada,data_saida
VEI0138,Peugeot,2008,suv,2022,2022,Cinza,Usado,202251,144648.48,159921.05,Vendido,MUG2O80,2024-11-13,05/09/2025
VEI0264,Jeep,Renegade,suv,2026,2026,Branco,Usado,149879,47153.32,51718.97,reservado,IBL8F40,15.06.2024,
VEI0279,Renault,Master,utilitário,2016,2016,Preto,Novo,5903,190182.78,95091.39,Vendido,FKB5P39,04.05.2024,2025-03-11
VEI0198,Mercedes-Benz,Classe E,suv,2026,2026,Grafite,Usado,108778,331379.8,383830.33,Em Manutenção,BZU3O50,26/01/2022,
VEI0193,Nissan,Kicks,suv,2022,2022,Azul,Usado,165703,359364.48,464912.29,DISPONIVEL,TTB3198,2022-09-27,
VEI0054,Mercedes-Benz,Classe C,sedan,2026,2026,Grafite,Novo,0,43150.85,21575.42,DISPONIVEL,YBG6161,2022-10-16,
VEI0289,Renault,Master,utilitário,2016,2016,Preto,Usado,90902,50003.45,67036.61,Disponivel ,PYR9R75,07.12.2022,
VEI0258,Peugeot,208,hatch,2023,2023,Preto,Usado,144932,392882.66,428626.94,Em Manutenção,KIP8V14,2022-09-19,
VEI0433,Citroën,C4 Cactus,suv,2016,2016,Grafite,novo,149334,114945.04,143926.89,Vendio,ZGH3Q90,15.11.2022,
VEI0057,Chevrolet,S10,pickup,2025,2025,Grafite,Usado,80406,354301.46,457731.49,Reservado,EQU6496,11.10.2024,
VEI0220,Hyundai,Elantra,sedan,2016,2016,Branco,Novo,0,284183.69,309748.22,Vendio,KFN3881,2025-11-12,
VEI0171,Volkswagen,Tiguan,suv,2023,2023,Bege,Usado,140180,281039.42,323595.9,Disponivel ,KBJ9O32,14/09/2023,
VEI0100,Chevrolet,Onix,suv,2019,2020,Dourado,usado,190640,290355.57,386791.16,disponível,AVV3U67,14.01.2023,
VEI0474,Hyundai,Santa Fe,suv,2024,2024,Cinza,Usado,199352,121025.49,155681.37,Disponível,DKU5945,29.08.2022,
VEI0255,BMW,X3,suv,,2024,Marrom,Usado,-69,57610.12,28805.06,reservado,HNB8066,06.10.2025,
VEI0427,Citroën,Berlingo,utilitario,2015,2015,Cinza,Usado,231021,258932.05,272291.5,disponível,KXR3711,2025-07-25,
VEI0052,Audi,Q5,suv,2026,2027,Branco,Novo,0,246965.87,320821.05,EM MANUTENCAO,CFD1B92,11.10.2025,
VEI0392,Honda,CR-V,suv,2015,2015,Dourado,Usado,19557,56845.32,74925.82,reservado,PZI0F16,09.05.2024,
VEI0092,Nissan,Versa,suv,2016,2016,Azul,Novo,0,282085.42,361690.37,DISPONIVEL,KSB3825,2023-11-21,
VEI0174,Chevrolet,Spin,utilitário,2016,2016,Bege,Usado,66905,359787.84,401159.09,Vendido,DNX4976,25.07.2023,15/05/2024
VEI0019,Fiat,Strada,pickup,2019,2020,Vermelho,usado,0,54801.69,64765.94,vendido,CNR6459,2025-12-10,23/06/2026
VEI0012,Toyota,SW4,suv,2023,2023,Preto,Novo,0,186639.3,244268.53,Reservado,WCP1398,2025-12-28,
VEI0031,BMW,M3,suv,2026,2026,Marrom,Usado,201990,38719.17,49954.1,Em manutenção,IQI9672,2023-04-26,
VEI0025,Toyota,RAV4,suv,2017,2017,Prata,Usado,163869,281318.5,-299282.06,Disponivel ,VWT4K67,14.09.2022,
VEI0407,Nissan,Versa,suv,2016,2016,Marrom,Usado,172433,69243.86,87128.14,Vendio,HCD8786,22/03/2022,
VEI0365,Volkswagen,Virtus,sedan,,2027,Dourado,NOVO,211974,322599.99,412852.29,Disponível,GGH1L96,03/08/2023,
VEI0088,Renault,Captur,suv,2020,2020,,Usado,-105,164403.46,172874.13,Em Manutenção,TYB1F36,22.06.2025,
VEI0148,Jeep,Wrangler,suv,2022,2022,Bege,Novo,0,53671.21,69072.17,VENDIDO,,12.06.2025,01.02.2026
VEI0223,Nissan,Kicks,suv,2015,2016,Azul,Usado,217211,269092.85,346882.55,Vendido,,08.11.2025,09/03/2026
VEI0253,Hyundai,Elantra,Sedan,2022,2022,Preto,Usado,41088,288676.86,372822.39,reservado,IWS0E82,06.09.2025,
VEI0362,Audi,A4,sedan,2024,2025,,Usado,7624,342069.64,435002.93,disponível,AUF4851,14/09/2024,
VEI0026,Honda,Fit,suv,2026,2026,Dourado,Usado,50542,325155.8,371982.71,vendido,FVR7M94,2025-08-03,2025-11-21
VEI0410,Renault,Sandero,hatch,2017,2017,Bege,Usado,193401,115222.18,138619.21,Vendio,CZF8O31,02/05/2025,
VEI0177,BMW,Série 5,sedan,2025,2025,Prata,Usado,4501,390826.5,506723.87,disponivel,QKN8966,2025-04-19,
VEI0060,Ford,EcoSport,Suv,2026,2026,Cinza,Usado,57223,218138.32,253354.58,VENDIDO,HEE1128,14/08/2023,19/07/2024
VEI0429,Ford,Ka,hatch,2020,2020,Verde,Novo,2394,144851.08,168163.15,Vendido,,02.06.2023,28/01/2024
VEI0122,Toyota,SW4,suv,2024,2024,Cinza,Usado,176600,164816.39,202942.23,Vendido,CTG0I64,20.12.2023,04/03/2024
VEI0480,Ford,Bronco,suv,2017,2018,Vermelho,Usado,234840,336670.5,421842.13,Resevado,GQB7615,2022-09-07,
VEI0396,Peugeot,3008,suv,2022,2022,Prata,Usado,235187,284042.96,374315.81,VENDIDO,MPB2622,2022-09-07,2023-07-03
VEI0338,Mercedes-Benz,Classe A,sedan,2024,2024,Azul,Usado,135702,391030.8,503369.63,Reservado,LVB7T61,23/07/2023,
VEI0391,Renault,Master,utilitário,2015,2015,,Usado,187274,62018.52,76366.33,Em Manutenção,ZXI4567,2025-01-10,
VEI0075,Volkswagen,Fox,hatch,2021,2022,Vermelho,Usado,,289013.4,305072.27,DISPONIVEL,PHQ0983,03.12.2023,
VEI0261,Nissan,Versa,suv,2015,2015,Vermelho,Novo,0,93040.49,113454.98,disponível,VHY2867,2026-02-01,
VEI0182,Mercedes-Benz,Classe A,sedan,2021,2021,Branco,Usado,131001,72145.85,86577.92,disponivel,NJK5C72,15.04.2025,
VEI0181,Honda,CR-V,suv,2022,2023,Bege,Usado,33957,167451.44,176178.99,VENDIDO,MVX4672,2025-03-27,10/05/2025
VEI0002,Renault,Captur,suv,2016,2016,Vermelho,Usado,115448,266846.3,298828.9,reservado,TAJ4I95,18/02/2024,
VEI0189,Honda,City,suv,,2018,Cinza,Usado,93232,113433.15,126323.84,disponivel,GXE6396,13.08.2023,
VEI0351,Peugeot,2008,Suv,2022,2023,Preto,Usado,14652,378902.24,407223.59,em manutenção,NKB4157,29.06.2022,
VEI0377,Jeep,Compass,suv,2024,2024,Verde,Novo,0,83588.76,111620.23,EM MANUTENCAO,BIA9020,2023-10-17,
VEI0256,Citroën,C4 Cactus,suv,2023,2024,Marrom,USADO,0,173506.76,206997.16,Disponível,UOH4Q38,13.02.2023,
VEI0131,Volkswagen,Virtus,sedan,2019,2019,Azul,Novo,0,96904.37,121346.89,Disponível,QKT1699,2022-10-15,
VEI0076,Hyundai,HB20,HATCH,2018,2018,Preto,Novo,85098,215843.95,251692.65,Vendio,TPD5789,2024-01-14,
VEI0484,Jeep,Wrangler,suv,2023,2023,Prata,Novo,0,53471.13,70938.57,Em manutenção,WHB9S72,01.09.2023,
VEI0099,Peugeot,Partner,utilitário,2018,2018,Marrom,Novo,105588,115963.69,124147.26,Em manutenção,RLU0B57,02/11/2024,
VEI0050,Mercedes-Benz,Vito,utilitário,2018,2018,Prata,usado,112946,323107.52,386997.68,Reservado,,03/06/2025,
VEI0459,Nissan,Frontier,pickup,2023,2023,Preto,Usado,242728,372071.34,446255.6,Vendido,VTP5154,02.01.2023,24.07.2023
VEI0455,Chevrolet,Onix,suv,2022,2022,,Novo,0,399529.99,508501.77,Em manutenção,PVK2U34,18/10/2024,
VEI0323,Toyota,Etios,hatch,2022,2022,Dourado,Usado,,51991.14,65194.78,vendido,HDY9752,2025-09-06,02.04.2026
VEI0301,Nissan,Versa,suv,2017,2017,Vermelho,Novo,0,150336.52,187005.06,EM MANUTENCAO,WFD3N21,2024-05-16,
VEI0435,Toyota,RAV4,sv,,2023,Branco,Novo,0,36078.47,44470.75,Reservado,PBU7898,08.08.2024,
VEI0516,Chevrolet,Cruze,suv,2024,2024,Prata,Novo,0,385950.35,455980.09,Reservado,HZQ0742,06.01.2022,
VEI0144,Audi,Q3,Suv,2024,2024,Prata,USADO,0,398616.85,478802.85,Em Manutenção,,08.02.2026,
VEI0317,Audi,A4,sedan,2024,2024,Prata,Usado,182986,232733.22,288472.56,Disponível,RWU1022,2022-04-01,
VEI0439,Jeep,Commander,suv,2015,2015,Cinza,Usado,7258,89866.75,120663.07,VENDIDO,NXQ8420,17.06.2024,11/08/2024
VEI0175,Volkswagen,T-Cross,suv,2019,2020,Prata,Usado,57666,339251.05,394203.26,Em Manutenção,SEY0Y38,2025-11-28,
VEI0065,Renault,Duster,suv,2016,2016,Prata,Novo,0,37924.98,49394.22,Vendio,HAU1620,2023-06-24,
VEI0178,Volkswagen,Gol,hatch,2021,2022,,Usado,211354,129166.97,158536.43,Reservado,GMR7640,2023-08-05,
VEI0421,Mercedes-Benz,Classe A,sedan,2016,2016,Bege,Usado,-470,232598.87,256720.73,em manutenção,DQU6P15,13/06/2024,
VEI0086,Fiat,Argo,hatch,2019,2020,Verde,Novo,0,226690.73,281923.07,Em manutenção,ZAH4Y54,06/02/2023,
VEI0257,Citroën,C3,hatch,2025,2025,Cinza,Usado,216164,208419.46,220964.27,vendido,MIX9544,15.05.2025,17/09/2025
VEI0304,Toyota,SW4,suv,2015,2015,Prata,Usado,0,359944.13,414558.79,reservado,,06.08.2025,
VEI0114,Fiat,Uno,hatchback,2015,2015,Vermelho,Novo,0,37291.43,42691.93,Reservado,YLX3635,12.03.2024,
VEI0363,Fiat,Pulse,suv,2018,2018,Cinza,usado,50642,240586.32,301018.31,Vendio,DJS3J72,2022-03-18,
VEI0453,Peugeot,3008,suv,2022,2022,Branco,Usado,229626,103476.71,130100.34,Vendido,ZCF6222,31.05.2022,23/04/2023
VEI0113,Honda,Fit,suv,2024,2024,Grafite,Novo,0,331637.3,437401.52,Disponivel ,QHB2697,17.12.2025,
VEI0231,Nissan,Versa,S.U.V,2026,2026,Bege,Usado,207752,207190.27,270987.1,RESERVADO,XEK1580,29.01.2026,
VEI0152,Chevrolet,Onix,suv,2015,2015,,Usado,,313385.69,387208.42,Disponivel ,JMD7778,22.12.2022,
VEI0252,Volkswagen,Tiguan,suv,2017,2017,Marrom,Usado,91445,228179.04,244533.7,Em manutenção,QQF0C51,03/05/2023,
VEI0187,Audi,TT,suv,,2022,Grafite,Novo,0,281501.48,340899.44,RESERVADO,PSO3987,2022-08-28,
VEI0269,Jeep,Renegade,suv,2025,2025,Verde,Usado,207610,166687.6,221804.1,Em Manutenção,ZFG7854,21/01/2026,
VEI0043,BMW,Série 5,sedan,2025,2025,Azul,Usado,139767,129772.43,155117.39,Disponível,GPD6591,12.05.2025,
VEI0334,Honda,CR-V,suv,2026,2026,Cinza,Usado,21913,145049.82,167051.59,Vendio,OUF1845,01.05.2023,
VEI0141,Ford,Ranger,pickup,2017,2017,Cinza,Usado,92244,334175.4,421861.22,RESERVADO,DSN3L24,2023-08-26,
VEI0015,Mercedes-Benz,Classe A,Sedan,2024,2024,Grafite,Usado,244598,251723.52,329352.3,vendido,APD5A13,14/11/2025,09/07/2026
VEI0507,Hyundai,HB20,hatch,2019,2019,Verde,novo,,311537.85,367670.47,vendido,CGO2S35,13.11.2025,31.12.2025
VEI0296,Ford,Ranger,pickup,2016,2016,Azul,Novo,0,398354.28,450862.45,disponível,MZO8097,03.08.2023,
VEI0238,Hyundai,Tucson,SUV,2021,2022,Azul,Usado,78778,71236.02,92426.57,Em Manutenção,DNJ8X42,18/11/2022,
VEI0155,Nissan,Leaf,suv,2024,2024,Preto,Novo,110891,33374.22,43604.15,vendido,NYJ3143,2022-05-02,19.06.2022
VEI0149,BMW,Série 3,sedan,2022,2022,Verde,Novo,0,282096.62,338400.1,Reservado,VBH1750,30.01.2026,
VEI0350,Chevrolet,S10,pickup,2016,2017,Grafite,Usado,160583,350098.99,450223.67,EM MANUTENCAO,SJP4817,01/08/2025,
VEI0469,Peugeot,208,hatch,2024,2024,Verde,Novo,0,108516.83,142655.79,Disponivel ,,2024-11-15,
VEI0272,Hyundai,Tucson,suv,2021,2021,Dourado,Usado,158148,98012.11,125831.69,Em Manutenção,RNR5348,20/12/2022,
VEI0449,Citroën,C4 Cactus,suv,2015,2015,Vermelho,Novo,0,32676.45,40769.12,EM MANUTENCAO,WIJ4285,2024-07-26,
VEI0039,BMW,Série 3,sedan,2026,2027,Grafite,Usado,8062,301165.42,363567.63,Resevado,OHJ7148,2025-08-16,
VEI0233,Renault,Duster,suv,2020,2020,Vermelho,Novo,0,236586.95,271120.04,reservado,WGV9M41,22.05.2022,
VEI0354,Citroën,C4 Cactus,suv,2018,2018,Azul,Novo,0,340924.69,416845.84,RESERVADO,PKA5874,17.10.2022,
VEI0406,Nissan,March,hatch,2022,2022,Bege,Novo,0,32925.54,35197.19,Reservado,SAE3P48,2026-02-18,
VEI0305,Honda,City,SUV,2025,2026,Bege,Usado,242428,315917.39,345378.58,RESERVADO,QGM2489,2025-03-05,
VEI0482,Ford,Bronco,suv,2025,2025,,Novo,244315,255062.87,273426.24,Em manutenção,TSV0R75,23/01/2025,
VEI0053,Peugeot,2008,suv,2024,2024,Preto,Novo,0,243893.69,310638.12,disponivel,NZE3494,02/05/2022,
VEI0497,Citroën,Berlingo,utilitário,2016,2017,Grafite,Usado,47895,390850.33,461289.41,Resevado,MIX6P58,07.08.2023,
VEI0418,BMW,X3,suv,2022,2023,Verde,Novo,0,384052.39,505518.8,DISPONIVEL,IXE9I28,2023-09-05,
VEI0479,Jeep,Renegade,suv,2026,2026,Verde,Usado,70057,231533.75,312311.56,VENDIDO,ZKO5Y92,11.09.2025,2026-07-22
VEI0458,BMW,Série 3,sedan,2023,2023,Verde,novo,207142,308251.84,-404847.58,Disponivel ,EKH8B93,2025-07-27,
VEI0405,Hyundai,Tucson,suv,,2022,Preto,Usado,183457,64814.09,87377.5,Disponivel ,GVN9732,2024-03-08,
VEI0335,Fiat,Uno,hatch,2023,2023,Dourado,USADO,134178,390028.64,424370.61,Disponível,KSA5166,03.05.2022,
VEI0164,citroën,Jumpy,utilitário,2020,2020,Bege,Usado,234597,297117.93,355918.59,disponivel,XDQ3297,18/06/2024,
VEI0442,Ford,Territory,suv,2021,2021,Branco,Usado,51833,85756.45,115325.52,disponível,VAD5I23,06.06.2024,
VEI0424,Mercedes-Benz,Vito,utilitário,2015,2015,Branco,Usado,193290,164373.1,189212.39,Disponivel ,DMO6N62,2023-10-14,
VEI0485,Fiat,Uno,hatch,2015,2016,Vermelho,Usado,227358,249394.93,315240.24,Disponivel ,,23/11/2022,
VEI0322,Peugeot,2008,suv,2026,2027,Cinza,Usado,0,395845.65,524553.34,RESERVADO,ROX6511,30.10.2023,
VEI0224,Jeep,Gladiator,pickup,2021,2021,Dourado,Usado,58893,125744.17,147715.3,Resevado,XAM9H67,22/08/2022,
VEI0359,Audi,Q3,suv,2023,2023,Prata,Usado,132057,242425.76,260689.62,Disponível,,2024-10-21,
VEI0432,Renault,Kwid,hatch,2021,2021,Vermelho,Usado,232969,185320.7,232280.36,reservado,TZI5R25,2025-11-20,
VEI0037,Jeep,Wrangler,suv,2021,2021,Azul,Usado,82540,297964.91,374645.66,VENDIDO,FNJ0290,07.08.2024,21.06.2025
VEI0129,Audi,A4,sedan,2017,2018,Cinza,Novo,0,118997.67,138848.37,VENDIDO,PCY7439,2025-03-12,05/08/2025
VEI0118,Chevrolet,Onix,suv,2025,2025,Preto,Novo,0,242862.52,314660.63,Resevado,,23/02/2026,
VEI0264,Jeep,Renegade,suv,2026,2026,Branco,Usado,149879,47153.32,51718.97,reservado,IBL8F40,15.06.2024,
VEI0090,Nissan,Versa,suv,2023,2023,Cinza,Usado,-75,380264.04,190132.02,Resevado,,25.11.2024,
VEI0127,Peugeot,3008,suv,2016,2017,Bege,Novo,2490,247376.72,279073.78,disponivel,ADQ1U88,23.08.2022,
VEI0326,Citroën,C3,hatch,2017,2017,Marrom,Usado,105710,147121.77,185541.29,EM MANUTENCAO,BVE9137,20/01/2022,
VEI0082,Peugeot,508,suv,2021,2021,Preto,Novo,0,98712.26,126858.79,reservado,EZB9116,02.05.2025,
VEI0399,BMW,X5,suv,2019,2019,,Usado,247544,346175.92,399896.64,em manutenção,NER9765,09.09.2022,
VEI0403,Audi,A4,Sedã,2020,2020,Preto,Novo,0,300148.98,326928.97,disponivel,MSK8P17,30.08.2024,
VEI0018,Toyota,RAV4,Suv,2026,2026,Vermelho,Usado,120074,361969.76,409764.61,Vendio,MHP1639,21/07/2022,
VEI0106,Ford,Ka,hatch,2017,2017,Dourado,novo,175828,250620.39,279304.06,em manutenção,LND4L34,16.03.2022,
VEI0348,Hyundai,Elantra,sedan,2024,2025,Vermelho,Novo,0,246886.65,329454.21,Em Manutenção,UFK1958,12/10/2024,
VEI0454,Renault,Captur,suv,2022,2022,Azul,Usado,18591,191480.68,236768.7,Resevado,MVG2242,2022-09-24,
VEI0500,Jeep,Compass,suv,2026,2026,Cinza,Novo,0,222735.3,235112.29,em manutenção,SEW1U25,02/04/2024,
VEI0376,Volkswagen,Saveiro,pickup,2021,2021,Branco,Usado,123716,325273.08,392951.48,reservado,IUJ7740,22.07.2025,
VEI0251,Honda,Civic,sedan,2022,2022,Dourado,Usado,170921,272556.38,298882.63,em manutenção,KNO1K16,11.11.2025,
VEI0213,Jeep,Gladiator,pickup,2026,2027,Dourado,Novo,0,127225.63,144812.62,VENDIDO,ACP2792,22/10/2023,07.04.2024
VEI0079,Citroën,C3,hatch,2025,2025,Bege,Novo,0,348825.39,434054.72,Disponível,HOP2A81,17/01/2024,
VEI0222,Renault,Kwid,hatch,2016,2017,Grafite,Novo,0,209169.7,257934.53,Reservado,STQ7736,31.12.2022,
VEI0371,Audi,A3,sedan,,2021,Dourado,Usado,242160,156956.42,78478.21,Disponivel ,,23/08/2025,
VEI0517,Citroën,Berlingo,utilitário,2016,2017,Marrom,Usado,208606,198444.23,266747.53,Em manutenção,,28/02/2023,
VEI0017,Ford,Maverick,pickup,2020,2020,Prata,Novo,0,383055.76,492041.6,Em manutenção,YYH6836,05/12/2022,
VEI0284,Peugeot,Partner,utilitário,2015,2015,Prata,Usado,69767,76274.64,93994.01,em manutenção,EWN6R16,2024-02-04,
VEI0360,Renault,Master,utilitário,2017,2017,Verde,Usado,32463,79906.31,106873.59,VENDIDO,ECB8151,2023-11-22,2023-12-15
VEI0390,Honda,City,suv,2022,2022,Azul,Usado,235445,184224.83,211590.05,Disponível,,2023-11-18,
VEI0094,Ford,Ranger,pickup,2018,2018,Branco,Usado,138248,291927.1,364679.46,Reservado,YOU7I57,04.07.2024,
VEI0165,Jeep,Wrangler,S.U.V,,2019,Grafite,Usado,15599,162468.67,174528.83,DISPONIVEL,ALA2Z26,09.09.2022,
VEI0225,Renault,Logan,sedan,2026,2026,Vermelho,Usado,-49,156248.6,164482.37,Disponível,XGC6416,2022-10-12,
VEI0022,BMW,Série 5,sedan,2020,2020,Azul,Novo,0,261617.84,276384.29,Disponível,TSC6L14,06/01/2026,
VEI0097,BMW,Série 3,sedan,2020,2020,Bege,Novo,0,263863.56,280969.2,reservado,HZJ5556,12.02.2025,
VEI0292,Audi,A4,sedan,2019,2020,Vermelho,Novo,0,291693.13,356658.14,RESERVADO,ZUT7Z62,2022-08-24,
VEI0397,BMW,M3,suv,2017,2017,Verde,Usado,27019,215683.19,276461.31,VENDIDO,IXV4W86,28.06.2024,18/05/2025
VEI0379,Fiat,Toro,pickup,2016,2017,Dourado,Usado,230925,320965.53,354105.39,Disponível,RXX0321,2024-11-11,
VEI0262,Mercedes-Benz,GLA,suv,2023,2023,Prata,Usado,239952,317912.37,158956.18,EM MANUTENCAO,GRO4312,31.01.2025,
VEI0343,Hyundai,i30,sedan,2023,2023,Grafite,Usado,179773,164272.54,218517.02,VENDIDO,DZA5Y91,2026-02-14,2026-08-01
VEI0336,Toyota,SW4,suv,2017,2017,Bege,Novo,0,75524.16,93122.82,disponível,KHG5G57,12/04/2024,
VEI0298,Fiat,Cronos,sedan,2024,2024,Verde,Usado,63632,367557.87,437360.25,DISPONIVEL,QBK7138,07.05.2023,
VEI0331,Toyota,Yaris,utilitário,2022,2022,Cinza,Usado,112065,241433.91,315840.41,Em Manutenção,QDT1237,2022-12-15,
VEI0040,Citroën,Aircross,suv,2018,2018,Bege,Novo,0,82263.98,94404.19,em manutenção,GSV6942,2023-08-28,
VEI0080,Peugeot,Partner,utilitário,2015,2015,Branco,Usado,78310,205764.79,216503.12,RESERVADO,SGF9686,05/04/2024,
VEI0440,Citroën,Berlingo,utilitário,,2016,Prata,Novo,0,275745.7,321604.76,Vendio,IHG1830,2026-01-19,
VEI0085,Toyota,Hilux,pickup,2020,2020,Dourado,Usado,141555,301157.25,334926.14,Em manutenção,AKW8A72,2024-07-02,
VEI0160,Citroën,Aircross,S.U.V,2018,2018,Preto,Usado,244093,287961.96,344892.67,Vendio,MIZ9464,04/03/2025,
VEI0389,Mercedes-Benz,GLA,suv,2015,2015,,Usado,168255,207117.03,256681.66,disponivel,AJL8728,15/04/2022,
VEI0476,Ford,Bronco,suv,2015,2015,Branco,Novo,0,122135.69,153553.28,disponível,ZQF9B70,17.09.2023,
VEI0464,Honda,WR-V,suv,2015,2015,Azul,Novo,0,339044.68,403075.58,reservado,YJF8P77,22.02.2023,
VEI0368,Ford,Territory,suv,2022,2022,Vermelho,Novo,0,269560.06,285312.94,Em manutenção,PDB6612,2024-02-10,
VEI0115,Mercedes-Benz,Classe C,Sedã,2019,2020,,Usado,66154,60959.55,72464.24,em manutenção,DFK9337,06.05.2022,
VEI0324,Fiat,Cronos,sedan,2020,2020,Branco,Usado,62071,100319.31,109701.97,disponível,VCM4869,2024-01-05,
VEI0045,Nissan,Sentra,sedan,2023,2023,Vermelho,Usado,76680,252336.32,295481.54,disponível,FXK0075,20.03.2024,
VEI0024,Chevrolet,Onix,suv,2026,2026,Bege,Usado,226443,212683.66,285031.99,DISPONIVEL,OGI4499,20.08.2025,
VEI0278,Mercedes-Benz,Classe A,sedan,2016,2016,Dourado,Usado,66337,70772.05,90530.74,reservado,IXZ1898,01/01/2024,
VEI0133,Citroën,Berlingo,utilitário,2024,2025,Preto,Novo,0,82688.59,109291.94,Disponível,OJB2892,2022-08-10,
VEI0109,BMW,X3,suv,2021,2021,Preto,Usado,10486,288733.93,333604.38,Disponivel ,GKQ3090,2023-08-17,
VEI0380,Nissan,Frontier,pickup,2017,2017,Prata,Novo,0,171315.43,205494.7,vendido,DNF7I21,29/11/2024,2025-05-25
VEI0472,Citroën,Aircross,suv,2020,2020,,Novo,0,56317.32,60222.93,DISPONIVEL,LSR9297,05/07/2024,
VEI0243,Mercedes-Benz,GLA,suv,2019,2019,Cinza,Usado,191549,310105.27,395797.57,reservado,LVB6M76,2022-07-04,
VEI0132,Citroën,Berlingo,utilitário,,2025,Vermelho,usado,51577,88818.98,114961.25,Disponivel ,JFS9I74,25.08.2025,
VEI0339,Peugeot,208,hachback,2024,2024,Preto,Novo,0,80393.64,96877.4,Disponível,TJV1N73,13.11.2023,
VEI0318,Chevrolet,S10,Pick Up,2020,2020,Marrom,Novo,0,310432.48,378578.22,Disponível,QAA4L75,21.09.2025,
VEI0164,citroën,Jumpy,utilitário,2020,2020,Bege,Usado,234597,297117.93,355918.59,disponivel,XDQ3297,18/06/2024,
VEI0183,Renault,Captur,suv,2017,2017,,Usado,199091,287436.84,333008.4,Vendido,ZVH8414,03/05/2025,2026-02-02
VEI0345,Audi,A4,sedan,2016,2016,Prata,Novo,0,280199.33,303840.91,Resevado,CHU4466,13.06.2024,
VEI0070,  BMW  ,X5,suv,2019,2019,Cinza,Novo,0,364866.38,462131.28,Em Manutenção,FVY0M94,2025-03-13,
VEI0325,Mercedes-Benz,Classe E,SUV,2026,2026,Bege,Novo,0,397600.84,492746.51,Vendido,YZT5R60,15.09.2024,03/08/2025
VEI0452,Nissan,Kicks,suv,2023,2023,Azul,Novo,0,156354.28,169658.92,Reservado,IIB7Q12,23.02.2023,
VEI0285,Ford,EcoSport,suv,2025,2025,Bege,Novo,0,125361.97,154564.32,VENDIDO,YLH9615,2022-01-24,12.05.2022
VEI0489,Hyundai,HB20,hatch,2015,2015,Azul,Usado,179467,108002.09,117470.91,disponível,ZEJ0191,16/04/2025,
VEI0520,Jeep,Commander,suv,2020,2020,Cinza,Novo,0,399820.1,469939.07,Em manutenção,FUJ9N85,24.01.2025,
VEI0049,Audi,A3,Sedan,2020,2020,Prata,Novo,0,234601.22,273411.32,Reservado,SYS1690,29.05.2025,
VEI0468,Jeep,Compass,suv,2016,2017,Verde,Usado,105101,128883.77,156040.93,Reservado,JTU1O20,10/04/2024,
VEI0228,Citroën,Aircross,suv,2024,2024,Marrom,Usado,87415,332797.98,413466.12,em manutenção,APJ1937,08/06/2024,
VEI0192,Honda,City,suv,2017,2017,Dourado,Usado,117195,106433.42,136401.87,Vendio,OWB2L17,03/01/2023,
VEI0499,Toyota,Yaris,utilitário,2025,2025,Marrom,Usado,,310957.48,337903.64,Em manutenção,YLF8Z87,2022-03-14,
VEI0011,Fiat,Pulse,Suv,2024,2024,Verde,Usado,14009,44027.23,53427.52,Resevado,NJZ5183,19/10/2025,
VEI0011,Fiat,Pulse,Suv,2024,2024,Verde,Usado,14009,44027.23,53427.52,Resevado,NJZ5183,19/10/2025,
VEI0428,Ford,Ka,hatch,2015,2015,Dourado,Novo,0,361414.58,392308.49,reservado,KJP3Q10,02.10.2024,
VEI0486,Honda,HR-V,suv,2017,2017,Prata,Usado,142857,224898.39,277369.43,Disponível,DML2F60,20/06/2023,
VEI0159,Renault,Kwid,hatch,2024,2024,Cinza,Usado,,155251.54,180267.44,disponível,GVX5F75,2025-11-21,
VEI0110,Fiat,Argo,hatch,2017,2017,Verde,Novo,0,132812.77,171470.97,Reservado,HEB4926,2024-07-04,
VEI0135,Renault,Duster,suv,2018,2019,Preto,Usado,222270,113433.46,125333.68,Disponível,EEX4671,2026-01-29,
VEI0103,Hyundai,Santa Fe,suv,2024,2024,Azul,Usado,70358,188935.9,216007.72,Disponível,UMZ9R82,09.11.2022,
VEI0462,Volkswagen,Tiguan,suv,2016,2016,Prata,Usado,113593,327257.51,415112.87,DISPONIVEL,,2026-01-14,
VEI0340,BMW,X5,suv,2025,2025,Marrom,Novo,0,342791.49,171395.74,Em manutenção,APK5W80,15/09/2023,
VEI0473,Nissan,Versa,suv,2020,2020,Azul,Novo,0,239720.81,257657.93,Resevado,GIT2O72,21/04/2023,
VEI0375,BMW,X3,suv,,2021,Dourado,Novo,0,63775.06,80184.96,Disponivel ,UVJ6Z40,04.04.2023,
VEI0083,Mercedes-Benz,Classe E,suv,2021,2021,Bege,Usado,73778,262692.84,291761.22,Disponível,CII3O93,24/05/2024,
VEI0099,Peugeot,Partner,utilitário,2018,2018,Marrom,Novo,105588,115963.69,124147.26,Em manutenção,RLU0B57,02/11/2024,
VEI0217,Mercedes-Benz,Classe A,sedan,2015,2016,,Novo,0,156252.55,174846.74,em manutenção,VEK3B89,31.07.2024,
VEI0091,Jeep,Compass,suv,2020,2020,Cinza,Usado,162287,222038.21,282996.75,reservado,QDL1P28,30/04/2023,
VEI0385,Fiat,Toro,pickup,2026,2026,Branco,Usado,0,256476.6,331601.79,Disponivel ,HCO8979,03.07.2025,
VEI0060,Ford,EcoSport,Suv,2026,2026,Cinza,Usado,57223,218138.32,253354.58,VENDIDO,HEE1128,14/08/2023,19/07/2024
VEI0151,Peugeot,3008,suv,2025,2025,Azul,Usado,183897,277663.64,313786.02,em manutenção,WSV6877,23.11.2024,
VEI0173,Fiat,Toro,pickup,2026,2026,Branco,Usado,122737,360402.52,438942.61,Em manutenção,WLR5919,15.02.2026,
VEI0513,Toyota,Hilux,pickup,2023,2023,Cinza,Novo,0,73725.24,-87410.9,Em Manutenção,TUV5W40,2023-01-21,
VEI0007,Peugeot,Partner,utilitário,2016,2016,Marrom,Usado,,94365.26,107558.54,Reservado,EBZ3270,17.10.2023,
VEI0003,Citroën,C4 Cactus,suv,2024,2024,,Usado,126961,183715.23,201811.96,reservado,SVI2072,08.04.2025,
VEI0137,Volkswagen,Tiguan,suv,2017,2017,Branco,Novo,3682,163889.09,175674.81,EM MANUTENCAO,JZO2265,24.10.2022,
VEI0042,Citroën,C4 Cactus,suv,2026,2026,Cinza,Usado,123493,49491.94,24745.97,Disponivel ,TAJ8M12,2022-03-10,
VEI0259,Fiat,500,suv,2022,2022,Marrom,Novo,1252,387316.02,514187.16,reservado,MOY3X73,12/06/2023,
VEI0417,Audi,A4,sedan,2026,2026,Bege,Novo,0,121694.71,131645.46,EM MANUTENCAO,ZDJ8Z22,12.08.2022,
VEI0303,Renault,Master,utilitário,2025,2025,Grafite,Novo,0,207825.07,275947.18,Em manutenção,KQR9A52,07/02/2022,
VEI0158,Peugeot,2008,suv,2021,2022,Azul,Usado,33486,257940.19,326198.08,Em Manutenção,CRI5750,08/12/2025,
VEI0422,Renault,Sandero,hatch,2016,2016,Marrom,Novo,0,66529.34,73018.09,EM MANUTENCAO,,31.12.2024,
VEI0046,Peugeot,2008,suv,2018,2018,Verde,Novo,,148741.24,200655.47,RESERVADO,,2024-03-07,
VEI0180,Citroën,Jumpy,utilitário,2017,2018,Cinza,Novo,0,244461.7,315429.28,Vendido,ZAA7D37,09.09.2022,17.02.2023
VEI0370,Nissan,Leaf,sv,2018,2019,Prata,Novo,0,121771.85,154284.4,Em manutenção,LJN7366,01.10.2023,
VEI0448,Fiat,Argo,hatch,2015,2016,Azul,Usado,188794,339432.36,448378.47,reservado,,06.01.2024,
VEI0009,Fiat,500,suv,2015,2015,Marrom,Novo,0,238068.66,300495.17,Vendio,EZU3K48,2022-07-01,
VEI0237,Toyota,SW4,suv,2026,2027,Marrom,Novo,0,143175.3,159157.54,disponivel,WHG1149,29/01/2023,
VEI0395,Fiat,Argo,hatch,2016,2017,Grafite,Novo,0,280473.98,325871.41,reservado,AJH1066,2025-05-17,
VEI0420,Jeep,Renegade,sv,,2016,Marrom,Novo,,276885.04,309471.47,Resevado,XDV0168,21.04.2024,
VEI0044,Honda,City,suv,2024,2024,Cinza,Usado,244643,388198.86,470446.0,reservado,QSA5521,25/09/2022,
VEI0388,Ford,EcoSport,suv,,2015,Grafite,Novo,0,210031.74,261151.28,VENDIDO,ZCW6D85,05/07/2022,26.08.2022
VEI0477,Jeep,Compass,suv,2026,2026,Preto,Usado,0,160450.55,192860.27,Disponível,BLL8263,2024-12-08,
VEI0515,Honda,CR-V,suv,2021,2022,Bege,Usado,244072,227997.53,278082.04,Resevado,JEI4254,18.03.2022,
VEI0357,Hyundai,Santa Fe,suv,2024,2024,Azul,Novo,0,268425.71,354125.81,Vendido,MDW3P67,07.03.2022,13/06/2022
VEI0034,Chevrolet,S10,pickup,2026,2026,Verde,Novo,0,310021.12,378978.11,RESERVADO,MXY6G34,2023-03-06,
VEI0466,Fiat,Uno,hatch,2019,2019,Marrom,Novo,0,43258.91,51406.97,disponivel,TQH0Y72,03.11.2022,
VEI0074,Toyota,Yaris,utilitário,2015,2015,Azul,Usado,227697,37434.2,40148.13,Reservado,AJJ2N42,12/12/2024,
VEI0321,Peugeot,2008,suv,2015,2015,Marrom,Usado,27371,205513.47,232078.17,Em Manutenção,YPV4168,22.05.2025,
VEI0167,fiat,Argo,hachback,2015,2015,Dourado,Novo,3273,382659.75,481796.35,Resevado,GPC5P41,2023-12-05,
VEI0364,Ford,Territory,suv,2023,2024,Marrom,USADO,218382,393375.17,501968.88,Em manutenção,PLL5I53,2023-05-11,
VEI0447,Peugeot,3008,SUV,2020,2021,Preto,Novo,0,196893.35,231577.71,Reservado,NKE6L17,2025-10-07,
VEI0265,Mercedes-Benz,Vito,utilitário,2024,2024,Azul,Novo,0,199500.53,220807.76,Em Manutenção,IWL1J50,2024-09-03,
VEI0328,Ford,Ranger,pickup,2026,2026,Grafite,Usado,133515,318938.08,349367.46,Vendido,LER7P23,2025-05-30,22/09/2025
VEI0495,Hyundai,Elantra,Sedã,2015,2015,Branco,Novo,0,68660.4,86713.26,disponivel,,10/02/2023,
VEI0069,Honda,Civic,sedan,2018,2018,Azul,Usado,230346,26399.44,35377.72,Vendido,FZV8937,2025-01-30,20/04/2025
VEI0077,Peugeot,Partner,utilitario,2025,2025,,Novo,0,184003.95,211990.86,Em Manutenção,BYQ5P35,09.05.2022,
VEI0101,Honda,CR-V,suv,2022,2022,Grafite,Usado,207617,355738.82,467513.17,VENDIDO,CFJ2M65,05/09/2023,25.05.2024
VEI0388,Ford,EcoSport,suv,,2015,Grafite,Novo,0,210031.74,261151.28,VENDIDO,ZCW6D85,05/07/2022,26.08.2022
VEI0081,Jeep,Compass,suv,2015,2015,Grafite,Usado,27901,329049.2,415245.99,disponível,ENL8867,2026-02-20,
VEI0200,Renault,Kwid,hatch,2022,2023,Branco,Usado,151686,100118.53,124298.38,vendido,TUL0482,26.05.2025,13/08/2025
VEI0008,BMW,Série 5,sedan,2015,2016,Preto,Usado,184097,59335.72,65302.48,Reservado,XWF9639,20.01.2022,
VEI0273,Nissan,Frontier,pickup,2023,2023,Dourado,Usado,,200061.52,262588.03,Resevado,HAR4170,19/02/2023,
VEI0125,Mercedes-Benz,Vito,utilitário,2020,2020,Bege,usado,186593,235953.97,280219.89,Reservado,JUK3899,2023-03-10,
VEI0465,BMW,M3,suv,2020,2020,Branco,Usado,34242,70659.02,86993.28,em manutenção,KSB4794,29/04/2022,
VEI0374,Chevrolet,Montana,pickup,2021,2021,Verde,Usado,109944,378028.06,488671.08,disponivel,IWN6173,2023-05-03,
VEI0316,Mercedes-Benz,Classe E,suv,2026,2026,Prata,Usado,210831,235103.19,299638.25,reservado,BCT4772,2025-07-14,
VEI0208,Jeep,Wrangler,suv,2018,2018,Vermelho,USADO,0,121442.0,135482.58,EM MANUTENCAO,LCK4J65,2022-08-21,
VEI0188,Mercedes-Benz,Classe C,sedan,2015,2015,Dourado,Usado,87000,338756.65,374787.42,Disponivel ,DYZ5S15,21.09.2022,
VEI0204,Volkswagen,Tiguan,suv,2021,2022,Verde,Usado,106217,383398.34,510991.0,Vendio,IAY3Z93,2025-05-22,
VEI0275,Honda,Civic,sedan,2015,2015,Grafite,Usado,,360649.19,416765.7,Disponível,JQN1615,2024-11-13,
VEI0327,Chevrolet,Onix,suv,2023,2023,Bege,Usado,24855,75777.85,93377.9,RESERVADO,XSL6P65,10.05.2022,
VEI0014,Jeep,Compass,suv,2021,2021,Branco,Novo,0,273301.38,365651.09,disponível,YWY7A34,2023-10-09,
VEI0263,Toyota,Etios,hatch,2025,2025,Grafite,Novo,0,87566.54,92060.85,DISPONIVEL,KDH3D19,2025-02-02,
VEI0510,Audi,A6,suv,2023,2023,Branco,Novo,0,58028.57,69299.55,VENDIDO,HTU8938,28/06/2024,07.05.2025
VEI0291,Audi,A3,sedan,2019,2020,,Novo,0,178861.55,195799.59,disponível,NJY0972,28.01.2026,
VEI0067,Honda,Fit,suv,2020,2020,Verde,Usado,188767,260087.08,330336.22,EM MANUTENCAO,MBW2985,14.11.2024,
VEI0210,Chevrolet,S10,pickup,2023,2023,Grafite,Usado,53995,80333.29,105291.52,Disponivel ,NOS5F77,22/07/2022,
VEI0073,Nissan,March,hatch,2021,2021,Azul,Usado,134072,160330.01,195233.82,Reservado,,02/07/2022,
VEI0475,BMW,X3,suv,2018,2019,Branco,Novo,0,105890.56,126908.93,Vendido,WHE4222,2023-10-17,02.01.2024
VEI0006,Audi,A6,suv,2025,2025,Bege,Usado,191141,217729.78,285792.0,DISPONIVEL,HTL2E94,19.02.2025,
VEI0285,Ford,EcoSport,suv,2025,2025,Bege,Novo,0,125361.97,154564.32,VENDIDO,YLH9615,2022-01-24,12.05.2022
VEI0493,Toyota,Etios,hatch,2021,2021,Dourado,Usado,235624,309489.11,-371297.53,Disponível,RPC0M96,11/06/2023,
VEI0107,Renault,Logan,sedan,2022,2022,Azul,Usado,40989,240414.58,293665.15,Disponível,NLU1580,28/11/2023,
VEI0490,Nissan,Kicks,suv,2021,2021,Cinza,Usado,99870,62942.19,72133.35,Disponível,,05/02/2025,
VEI0116,Ford,Bronco,suv,2022,2022,Prata,Usado,-319,302311.27,405206.45,DISPONIVEL,VLX5S20,2022-04-28,
VEI0120,Chevrolet,Onix,Suv,2021,2021,,Usado,243226,100855.13,115517.5,Disponivel ,FEB5D36,29.04.2025,
VEI0283,Jeep,Commander,suv,2024,2024,Cinza,Usado,6287,298604.21,382286.89,Vendio,EAR1G65,01.08.2022,
VEI0036,Toyota,Yaris,utilitário,2018,2018,Cinza,Usado,237583,162675.38,201780.13,EM MANUTENCAO,UAI7185,26/01/2025,
VEI0347,Hyundai,Creta,suv,2021,2021,Vermelho,Novo,0,314205.79,416288.53,VENDIDO,ZYY4V33,2023-04-28,24/10/2023
VEI0409,Renault,Master,utilitário,2015,2015,Preto,Novo,0,203086.8,221566.18,vendido,LBK5666,02.06.2022,25/12/2022
VEI0505,Jeep,Compass,suv,2019,2020,Grafite,Usado,249250,194524.15,258945.33,Resevado,RKS2370,14.11.2024,
VEI0281,Citroën,Aircross,SUV,2015,2015,Verde,Usado,220254,117172.0,127531.47,Disponível,BYI8V23,13/11/2023,
VEI0209,Volkswagen,Polo,hatch,,2023,,Novo,0,396723.88,198361.94,vendido,SUD2F24,03/08/2023,20.06.2024
VEI0093,Citroën,Aircross,suv,2016,2016,Vermelho,Usado,8904,130646.84,166161.26,Disponível,SEU4415,2024-11-11,
VEI0467,Chevrolet,S10,pickup,2022,2022,Verde,Usado,144206,398587.24,471966.14,VENDIDO,WOC5585,2022-01-26,14.02.2022
VEI0382,Ford,Territory,suv,2020,2020,Marrom,Novo,0,283407.69,360425.82,VENDIDO,ZFP3568,20/03/2024,19.08.2024
VEI0035,Citroën,Berlingo,utilitário,2023,2023,Cinza,USADO,0,91267.7,105058.76,VENDIDO,WWB0S49,2023-04-15,13.12.2023
VEI0265,Mercedes-Benz,Vito,utilitário,2024,2024,Azul,Novo,0,199500.53,220807.76,Em Manutenção,IWL1J50,2024-09-03,
VEI0502,Hyundai,Creta,suv,2018,2019,Vermelho,novo,62262,208385.27,221485.85,DISPONIVEL,VBK6597,15/03/2025,
VEI0048,Fiat,Cronos,sedan,2025,2026,Marrom,Usado,37144,106253.13,115742.24,Resevado,DHQ5013,03/01/2022,
VEI0450,Citroën,Jumpy,utilitário,2015,2015,Dourado,Novo,124123,172504.16,195306.5,Em manutenção,VYJ1A62,2023-03-09,
VEI0294,Jeep,Commander,suv,2026,2027,Preto,Novo,0,382784.17,408684.01,Disponivel ,VMP7710,17.04.2024,
VEI0156,Nissan,Kicks,suv,2022,2023,Bege,Novo,0,298313.97,327061.62,EM MANUTENCAO,AZZ5250,2023-08-30,
VEI0245,Audi,A3,sedan,2020,2020,Prata,Usado,22662,265464.66,312955.49,Reservado,YWM9477,16/02/2025,
VEI0356,Audi,TT,suv,2016,2016,Bege,Usado,204836,196676.67,223870.52,Reservado,TTG1754,2023-07-04,
VEI0202,Peugeot,Partner,utilitário,2018,2018,Azul,Usado,46620,31149.99,35763.11,Em Manutenção,SPZ2928,2022-12-05,
VEI0372,Renault,Sandero,hatch,2025,2025,Branco,Novo,0,386803.66,460698.08,Em Manutenção,AAC9547,16.06.2023,
VEI0089,Hyundai,i30,sedan,2015,2015,Azul,Novo,0,174831.47,87415.74,em manutenção,USD5033,08.05.2025,
VEI0111,Mercedes-Benz,Classe C,sedan,2018,2018,Branco,NOVO,98271,79579.67,94389.98,em manutenção,BVH6P17,12.10.2022,
VEI0295,Jeep,Renegade,suv,2018,2018,Vermelho,Usado,,286112.75,313918.69,Reservado,QRU1669,08.03.2023,
VEI0098,Toyota,Yaris,utilitário,2025,2025,Verde,Usado,113727,254785.55,325511.03,DISPONIVEL,QNY0170,03/03/2022,
VEI0055,Honda,WR-V,suv,2021,2021,Marrom,Usado,188885,63327.57,67218.56,Vendio,SKI4L13,20.05.2024,
VEI0319,Audi,A6,suv,2026,2026,Dourado,Usado,116028,136529.13,164501.53,RESERVADO,ODS7518,2022-08-24,
VEI0184,Nissan,Kicks,suv,2016,2016,Verde,Novo,0,399934.23,518406.08,DISPONIVEL,DZQ4M55,11.08.2022,
VEI0241,Renault,Logan,sedan,2020,2020,Verde,Usado,-45,310784.67,382182.75,Reservado,OBX9H64,09.02.2024,
VEI0001,Mercedes-Benz,Classe A,sedan,2015,2015,Branco,Novo,0,389109.48,447211.39,Em manutenção,XZW3Z67,2025-05-21,
VEI0341,Hyundai,Santa Fe,suv,2024,2024,Branco,Novo,0,324064.09,423103.46,Vendido,DKM8713,2022-05-13,18.07.2022
VEI0470,Volkswagen,Fox,hatch,2023,2024,Cinza,Usado,0,365419.4,437901.85,DISPONIVEL,VFN8A89,28.06.2025,
VEI0254,Mercedes-Benz,GLC,suv,2020,2020,Cinza,Usado,231345,226020.9,-266948.5,disponível,SCW5X61,19.12.2025,
VEI0274,Citroën,Berlingo,utilitário,2015,2015,Bege,Usado,210229,55276.04,59537.35,VENDIDO,DBW1358,2025-10-24,11/11/2025
VEI0191,Volkswagen,Tiguan,suv,2025,2025,Cinza,Novo,0,73456.99,96298.75,EM MANUTENCAO,LKI7726,12/06/2024,
VEI0446,Chevrolet,S10,pickup,2023,2023,Cinza,Usado,184966,315148.47,349653.61,RESERVADO,SDB7896,29/03/2024,
VEI0010,Citroën,C4 Cactus,suv,2023,2023,Marrom,Usado,22998,258779.78,325434.04,Em Manutenção,FPH4D24,28.06.2022,
VEI0059,Mercedes-Benz,Classe A,sedan,2025,2025,Bege,novo,6062,102355.65,129483.95,Vendido,KXM0576,20/02/2023,14/08/2023
VEI0312,Citroën,C3,hatch,2019,2020,Cinza,Novo,0,342319.15,171159.58,em manutenção,WPZ9U38,18.08.2024,
VEI0307,Nissan,Leaf,suv,2019,2019,Verde,Usado,75954,353364.31,445921.99,disponivel,HAP2X80,18/09/2022,
VEI0268,Toyota,Yaris,utilitário,2024,2025,Azul,Usado,168490,313490.04,371680.4,reservado,,19/01/2026,
VEI0212,Toyota,Etios,hatch,2019,2019,Cinza,Usado,0,220714.7,283351.74,em manutenção,ZKA8530,2023-10-23,
VEI0434,Citroën,C4 Cactus,suv,2019,2020,Verde,Usado,69266,373328.94,440013.86,EM MANUTENCAO,EMB2774,2025-08-28,
VEI0117,Nissan,Frontier,pickup,2021,2021,Vermelho,Usado,12321,41185.14,47573.6,RESERVADO,,2022-11-02,
VEI0506,Toyota,Corolla,sedan,2023,2023,Prata,Usado,137933,363240.08,382467.13,Vendio,QVT0V26,21/05/2022,
VEI0411,Volkswagen,T-Cross,S.U.V,2026,2026,Marrom,Novo,0,167836.92,185424.94,reservado,,22.09.2024,
VEI0514,Fiat,Cronos,sedan,2023,2023,Grafite,Novo,0,290636.87,364062.45,RESERVADO,YCQ4571,02.05.2024,
VEI0394,Hyundai,Tucson,suv,2019,2019,Vermelho,Usado,143522,225808.55,266954.47,Reservado,STE4250,03.02.2025,
VEI0230,Honda,HR-V,suv,2025,2026,Prata,Usado,224797,353668.42,385214.49,disponível,LZT3540,24.10.2024,
VEI0373,Mercedes-Benz,GLA,suv,2016,2017,Preto,Usado,58942,272797.16,367189.9,EM MANUTENCAO,JVM6828,2023-10-12,
VEI0004,Volkswagen,Polo,hatch,2018,2018,Cinza,Novo,0,214207.95,230773.77,VENDIDO,,23/05/2023,2023-11-22
VEI0483,Jeep,Renegade,suv,2026,2027,Branco,Novo,0,389949.12,469265.4,Em manutenção,IZY4727,2023-08-10,
VEI0149,BMW,Série 3,sedan,2022,2022,Verde,Novo,0,282096.62,338400.1,Reservado,VBH1750,30.01.2026,
VEI0064,Toyota,RAV4,suv,2017,2017,Bege,Usado,-144,188180.57,249249.78,EM MANUTENCAO,KWW8217,2023-09-05,
VEI0367,Volkswagen,Gol,hatch,2026,2026,Azul,Usado,213129,301926.84,321207.99,RESERVADO,RCT0562,01/03/2022,
VEI0126,Chevrolet,Onix,suv,2023,2024,Azul,Novo,0,157126.99,184673.18,vendido,RMZ7Z76,26.03.2025,2025-05-17
VEI0315,Toyota,Yaris,utilitário,2015,2016,Grafite,Usado,86392,289028.95,344597.73,em manutenção,OQV1Y82,13/08/2025,
VEI0047,Nissan,Kicks,suv,2021,2021,Marrom,Usado,125469,303129.08,325735.1,reservado,YHX9M99,01.04.2022,
VEI0163,Mercedes-Benz,GLA,suv,2026,2026,Marrom,Usado,69625,224186.41,299136.54,RESERVADO,VHN1P85,15.11.2022,
VEI0460,Volkswagen,Tiguan,suv,2024,2025,Dourado,Novo,,270302.31,305521.8,Resevado,IKV9Y93,13.09.2025,
VEI0029,Renault,Master,utilitário,2026,2026,Dourado,usado,2082,115843.92,133255.3,Disponível,FYF6917,01.02.2025,
VEI0148,Jeep,Wrangler,suv,2022,2022,Bege,Novo,0,53671.21,69072.17,VENDIDO,,12.06.2025,01.02.2026
VEI0498,Honda,CR-V,suv,2025,2025,Marrom,Usado,69962,83216.02,41608.01,Vendido,AEQ5Y23,19/11/2024,29/06/2025
VEI0512,Mercedes-Benz,Vito,utilitário,2023,2024,Branco,Usado,78253,128856.44,173323.18,Disponível,JOD2835,07/06/2023,
VEI0419,Mercedes-Benz,Classe C,sedan,,2018,Preto,Usado,177471,119524.91,147640.41,disponivel,CNX9D47,06/06/2023,
VEI0333,Nissan,Kicks,suv,2016,2016,Cinza,Usado,132058,161814.51,199711.35,Em manutenção,ZJQ9L93,2024-07-11,
VEI0236,Chevrolet,Montana,pickup,2015,2015,Grafite,Usado,132276,196631.96,233821.59,em manutenção,JLL4036,2024-02-13,
VEI0130,Mercedes-Benz,GLC,suv,2015,2015,Cinza,Novo,0,222058.55,298798.6,RESERVADO,,10.08.2022,
VEI0423,BMW,X3,suv,2026,2026,Verde,Usado,159900,227312.31,244856.56,Resevado,BRG6081,2022-09-22,
VEI0386,Jeep,Compass,suv,2016,2016,Dourado,Novo,0,124968.49,137554.71,Disponível,PAA5L51,19.06.2024,
VEI0032,Ford,Ka,hatch,2019,2019,Azul,Usado,217880,185151.44,216358.75,Em manutenção,QDO9783,25/11/2022,
VEI0033,BMW,X1,S.U.V,2017,2017,Grafite,Novo,2148,364010.72,419920.58,em manutenção,HAT0O43,02.04.2023,
VEI0211,Citroën,C3,hatch,2023,2024,Verde,Usado,246960,75887.27,93291.32,vendido,YFN7031,2024-11-04,2025-05-27
VEI0288,Peugeot,3008,suv,2015,2015,Dourado,usado,0,322371.92,382621.5,Em Manutenção,SDM5F39,2025-03-26,
VEI0383,Chevrolet,Cruze,suv,2018,2018,Dourado,Novo,0,270851.04,135425.52,RESERVADO,BFI6I77,17/10/2025,
VEI0078,Honda,HR-V,suv,2018,2018,Bege,Usado,76776,168504.56,184531.74,Em Manutenção,TMZ4Q66,2023-12-20,
VEI0496,Toyota,SW4,suv,2022,2022,Marrom,Novo,0,372289.43,445829.97,Resevado,OTB5I80,22.05.2023,
VEI0140,Volkswagen,Tiguan,suv,2015,2015,Vermelho,NOVO,245864,271983.45,335308.4,RESERVADO,MQN6140,23.07.2024,
VEI0154,BMW,Série 3,sedan,2025,2025,Preto,Novo,0,166077.98,195464.38,EM MANUTENCAO,ITZ0U17,08.09.2025,
VEI0186,Audi,Q3,suv,2018,2018,Azul,Usado,191659,304206.15,359331.02,disponivel,VMB1X84,2023-11-01,
VEI0408,Peugeot,2008,SUV,2018,2018,Marrom,Novo,0,393948.9,494009.1,vendido,RVG7430,21.03.2025,17/08/2025
VEI0431,Honda,City,suv,2022,2022,Dourado,Novo,2571,344039.15,423449.96,Em Manutenção,NZB7425,2023-02-11,
VEI0511,BMW,X5,suv,2023,2024,Marrom,Usado,154991,335325.69,394518.45,Vendido,UJQ6153,29/03/2022,09/11/2022
VEI0235,Nissan,Kicks,suv,2021,2022,Dourado,Novo,0,214226.27,248954.79,Reservado,,27.05.2023,
VEI0096,Peugeot,Partner,utilitário,2021,2021,Azul,Usado,35779,153814.78,162883.96,em manutenção,TXZ0129,24/06/2023,
VEI0402,Nissan,Sentra,sedan,2020,2021,Vermelho,Usado,170132,125168.7,159451.76,reservado,VUP6Y96,24.12.2025,
VEI0239,Chevrolet,Cruze,suv,2021,2021,Preto,Usado,245707,84131.17,107028.15,vendido,FLR2Q81,2024-07-18,12/03/2025
VEI0134,Hyundai,Tucson,suv,2023,2024,Marrom,Novo,43502,273277.87,324413.25,Disponivel ,JIW9534,02/05/2024,
VEI0150,Ford,EcoSport,suv,2026,2027,Vermelho,NOVO,241067,312702.76,383079.26,reservado,,31.05.2023,
VEI0145,Ford,Maverick,pickup,2015,2016,,Usado,45125,42077.94,50718.17,EM MANUTENCAO,OUZ3146,27/12/2024,
VEI0352,Chevrolet,Cruze,suv,2021,2021,Vermelho,Usado,195945,277437.69,339030.81,em manutenção,,2025-02-16,
VEI0028,Honda,CR-V,suv,2025,2026,Verde,Novo,0,309343.19,367265.52,Reservado,GXY8U53,2024-09-29,
VEI0503,Audi,Q5,suv,2025,2025,Verde,Novo,0,328997.37,399466.27,disponível,ZXU1P10,2023-12-27,
VEI0147,Volkswagen,Saveiro,pickup,2017,2017,Marrom,Novo,0,183723.71,240345.07,DISPONIVEL,MZY1Z86,2024-09-28,
VEI0416,Hyundai,HB20,hatch,2017,2017,Vermelho,Usado,209592,392938.16,470865.03,disponível,,02.11.2023,
VEI0020,Citroën,C3,hatch,2020,2020,Vermelho,Usado,104374,174338.7,233776.51,VENDIDO,IZA3490,2024-10-20,09/06/2025
VEI0300,Renault,Captur,suv,2017,2017,Preto,Usado,152145,117440.94,58720.47,reservado,LCL1967,2025-09-24,
VEI0508,Renault,Master,utilitário,2024,2025,Bege,Novo,0,242736.62,307694.49,Em Manutenção,ZDG3P93,10/02/2025,
VEI0123,Hyundai,Santa Fe,suv,2018,2018,Prata,usado,0,233167.39,116583.7,Em manutenção,QZX7352,29.09.2022,
VEI0451,Renault,Duster,suv,,2017,Cinza,Novo,0,263520.54,287063.55,RESERVADO,LTP0Y33,02.11.2024,
VEI0277,Hyundai,Tucson,SUV,,2025,Marrom,Novo,0,124778.78,140534.99,DISPONIVEL,AVO2L13,08/08/2025,
VEI0063,Mercedes-Benz,GLA,suv,2026,2026,Bege,Usado,144771,80910.16,92500.13,reservado,KDC7V81,2023-02-19,
VEI0413,Mercedes-Benz,GLA,suv,2016,2016,Prata,Usado,20082,284895.49,322663.97,em manutenção,NAZ7A33,07/01/2024,
VEI0438,Renault,Captur,Suv,2023,2023,Azul,Usado,114177,369226.66,438405.28,disponível,DGC8N64,10.01.2023,
VEI0290,Audi,Q5,sv,2019,2020,Azul,Usado,182572,97487.9,123222.62,vendido,DQK5P12,22.07.2024,21/02/2025
VEI0119,Nissan,Versa,suv,2015,2015,,Novo,0,75975.25,95507.61,RESERVADO,VWQ7773,30.09.2025,
VEI0218,Renault,Logan,sedan,2020,2020,Preto,Usado,50783,353652.82,391512.17,EM MANUTENCAO,UAF4941,2025-11-02,
VEI0384,Mercedes-Benz,Vito,utilitário,2018,2018,Cinza,Novo,0,145657.81,183698.04,Reservado,SDH7855,01/03/2023,
VEI0441,Hyundai,Creta,Suv,2015,2015,Grafite,Usado,141538,30082.26,32623.58,Resevado,DTT7K64,2022-10-12,
VEI0266,Peugeot,Partner,utilitário,2020,2021,Marrom,Usado,176624,43198.99,46816.93,Disponivel ,KXN7Z39,2022-08-18,
VEI0005,Ford,Bronco,suv,2017,2017,Bege,Usado,133713,144538.8,168285.29,RESERVADO,WSV4753,2024-08-05,
VEI0309,Volkswagen,Tiguan,suv,2020,2020,Dourado,Novo,0,180545.07,197267.43,disponivel,NRH1P53,2023-05-07,
VEI0201,Peugeot,Partner,utilitário,2018,2018,Cinza,Usado,127640,271101.64,345778.57,Disponível,OQE4660,14/04/2022,
VEI0430,Peugeot,3008,suv,2020,2020,Branco,Usado,31693,261981.36,278358.97,DISPONIVEL,NST3270,10.11.2023,
VEI0425,Audi,A6,suv,2015,2016,Grafite,Usado,68824,95502.82,104412.09,reservado,LBZ8A59,20.07.2023,
VEI0260,RENAULT,Captur,suv,2018,2019,Grafite,Usado,88350,221378.42,-241974.47,Reservado,VRU4W32,2022-09-15,
VEI0219,BMW,X5,suv,2019,2019,Cinza,Usado,70132,309548.41,398951.97,DISPONIVEL,XRN7270,06/02/2025,
VEI0328,Ford,Ranger,pickup,2026,2026,Grafite,Usado,133515,318938.08,349367.46,Vendido,LER7P23,2025-05-30,22/09/2025
VEI0280,Honda,HR-V,SUV,2020,2021,Marrom,Novo,0,81984.87,110019.78,Reservado,BYV3655,2023-08-29,
VEI0393,TOYOTA,Corolla,sedan,2015,2016,Vermelho,Usado,,155917.97,193142.44,Disponível,CIZ4L49,15.03.2025,
VEI0444,Audi,A4,sedan,2025,2025,Preto,Usado,223217,205390.01,102695.01,disponível,CEN6M91,03.02.2026,
VEI0457,Mercedes-Benz,Vito,utilitário,2016,2016,Cinza,Usado,197564,267849.71,327376.52,vendido,KMC9X22,06/08/2025,2026-01-06
VEI0398,Fiat,Cronos,sedan,2019,2019,Marrom,Usado,-12,169183.38,220821.65,Resevado,ZSE4Z74,26.04.2023,
VEI0494,Citroën,Berlingo,utilitario,2019,2019,Azul,Novo,0,158173.88,211503.39,Disponível,XSL4564,23/05/2024,
VEI0346,Honda,Civic,sedan,2023,2023,Branco,USADO,0,359438.53,179719.27,Reservado,ZJT3599,28.05.2025,
VEI0463,Hyundai,Elantra,sedan,2021,2021,Preto,Usado,236317,203727.72,273452.61,Disponível,QKT0Z29,06/06/2024,
VEI0062,Toyota,Hilux,pickup,2024,2024,,Usado,26183,280399.88,326626.58,Em Manutenção,OQY9N37,2023-12-06,
VEI0414,Jeep,Compass,suv,2024,2024,Branco,Novo,0,355425.67,404057.63,Vendido,AAN1652,23.11.2022,2023-11-05
VEI0293,Renault,Logan,sedan,2026,2026,Bege,Novo,0,366346.98,476929.65,disponivel,UWS0W73,28/12/2023,
VEI0207,Fiat,Pulse,suv,2017,2017,Bege,Usado,160924,337653.94,-373067.0,VENDIDO,,20/07/2022,2023-06-25
VEI0478,Mercedes-Benz,Classe C,Sedan,2018,2018,Cinza,Usado,-407,312616.57,406035.59,em manutenção,KYM8V63,03.09.2024,
VEI0491,Mercedes-Benz,Classe C,sedan,2019,2019,Verde,Usado,232343,297362.21,397031.82,Vendido,,2022-05-01,21.06.2022
VEI0194,Ford,Bronco,suv,2016,2016,Prata,Novo,0,277502.69,138751.35,Resevado,XVK9045,2025-08-31,
VEI0071,Peugeot,3008,suv,2020,2020,Verde,Usado,156592,387470.0,483309.6,RESERVADO,EIF1640,20.07.2022,
VEI0271,Mercedes-Benz,Classe E,suv,2020,2020,Cinza,Usado,237735,312183.47,332584.59,Disponível,FQE6595,20.02.2023,
VEI0378,Honda,WR-V,sv,2020,2021,Dourado,Novo,0,37190.99,42956.72,DISPONIVEL,IOX2816,2024-12-22,
VEI0287,Mercedes-Benz,GLC,suv,2022,2022,Branco,Usado,29665,314993.12,354444.56,Resevado,XSD0X12,13.01.2025,
VEI0105,Toyota,RAV4,suv,2019,2019,Cinza,Usado,90663,124560.76,143109.19,reservado,YOV6V57,2025-10-15,
VEI0153,Honda,Fit,suv,2022,2023,Preto,novo,72400,72281.11,82234.46,disponível,ISR6112,2025-11-25,
VEI0143,Chevrolet,Tracker,suv,2023,2024,Verde,Usado,26018,270190.43,329918.95,Reservado,OXV5D19,2025-10-13,
VEI0353,Citroën,C4 Cactus,suv,2017,2017,Bege,Usado,5637,278452.57,318354.23,Vendio,ZFN1346,2022-01-07,
VEI0320,Toyota,Hilux,pickup,2025,2025,Vermelho,Usado,135470,320131.07,348630.5,EM MANUTENCAO,BGV1966,23.10.2023,
VEI0361,Chevrolet,Montana,pickup,2023,2024,Azul,Usado,165376,383505.92,463770.81,vendido,YMR2066,07/05/2024,14/02/2025
VEI0276,Nissan,Kicks,suv,2022,2022,Dourado,Usado,57232,365880.33,463100.84,Reservado,CAN6R79,23/07/2023,
VEI0084,BMW,X3,suv,2025,2025,,Usado,13311,222946.51,256441.11,DISPONIVEL,WRV1T33,27/07/2025,
VEI0013,Honda,Civic,sedan,2015,2016,Branco,Novo,0,394788.54,446793.74,Em Manutenção,,26.02.2022,
VEI0344,Volkswagen,Polo,hatch,2026,2026,,Novo,198301,145058.79,166469.47,EM MANUTENCAO,,28.10.2024,
VEI0136,Toyota,SW4,suv,2023,2023,Bege,Novo,0,141601.29,154399.88,EM MANUTENCAO,WNW6J16,03/08/2025,
VEI0172,Renault,Logan,sedan,2016,2016,,Novo,0,369571.82,460261.16,disponível,WIM2643,2025-10-28,
VEI0157,Fiat,Cronos,Sedã,2015,2015,Bege,Novo,0,301377.01,375179.59,RESERVADO,FCV4666,2022-09-21,
VEI0310,Ford,Maverick,pickup,2023,2023,Preto,Novo,0,31655.47,41413.84,Disponível,ESJ5A27,2024-05-11,
VEI0501,Nissan,Versa,suv,2019,2019,,Usado,96317,378887.44,510858.17,em manutenção,PGR4557,07.06.2024,
VEI0445,Audi,A3,Sedã,,2016,Azul,Usado,223767,378537.82,503700.44,EM MANUTENCAO,IME7Y93,28.11.2024,
VEI0415,Ford,Ka,hatch,2019,2019,Vermelho,Usado,194233,56297.65,73131.5,disponível,KBC5C24,13.09.2023,
VEI0061,BMW,X3,suv,2025,2025,Verde,Usado,-472,207054.07,231224.25,vendido,PSY8415,26/10/2025,2026-09-17
VEI0519,Citroën,Berlingo,utilitário,2016,2016,Cinza,Novo,0,190189.47,222856.89,Reservado,LMT7C75,21.11.2025,
VEI0232,Jeep,Commander,suv,2017,2017,Preto,Usado,202004,235977.96,301635.43,Vendido,,05/03/2023,2024-01-19
VEI0019,Fiat,Strada,pickup,2019,2020,Vermelho,usado,0,54801.69,64765.94,vendido,CNR6459,2025-12-10,23/06/2026
VEI0239,Chevrolet,Cruze,suv,2021,2021,Preto,Usado,245707,84131.17,107028.15,vendido,FLR2Q81,2024-07-18,12/03/2025
VEI0161,Hyundai,Tucson,suv,2017,2017,Cinza,Usado,100460,247634.78,318346.2,Reservado,ZMA9112,2025-08-30,
VEI0242,Citroën,C3,hatchback,2019,2019,Branco,Usado,131761,210732.63,238329.1,VENDIDO,HVJ0S89,2022-08-05,05/03/2023
VEI0216,Renault,Kwid,hatch,2016,2017,Grafite,Usado,220206,285700.98,339817.5,reservado,ISM0082,2022-09-22,
VEI0518,Audi,Q5,suv,2020,2020,Cinza,Usado,,233216.53,312921.32,Disponível,MBK5890,30/11/2023,
VEI0041,BMW,M3,suv,2020,2020,Branco,Usado,57005,106450.16,113483.6,disponivel,ZOG6H97,16.02.2026,
VEI0240,Mercedes-Benz,Classe E,suv,2016,2016,Marrom,Usado,168824,338579.08,395485.8,Em Manutenção,YKE3A13,30.05.2023,
VEI0112,Audi,Q5,suv,2015,2015,Prata,Novo,0,389301.72,418487.17,em manutenção,TGZ2L34,2025-11-10,
VEI0246,Fiat,Uno,hatch,2018,2019,Branco,Novo,,101824.64,124349.38,RESERVADO,XCN4025,2025-02-27,
VEI0197,Peugeot,208,hatch,2019,2019,Vermelho,Novo,0,157640.15,202833.33,Em manutenção,YCK4X35,07/08/2023,
VEI0308,Peugeot,Partner,utilitário,2020,2020,Verde,Usado,147629,282935.98,369676.27,disponível,HLI4V91,27/11/2024,
VEI0139,Chevrolet,Montana,pickup,2020,2020,Prata,Usado,207708,250781.91,306867.77,Em Manutenção,SSF1K41,28.10.2025,
VEI0487,Volkswagen,Fox,Hatchback,2025,2025,Dourado,Usado,21891,98113.13,122219.8,disponível,ASU8C86,28.12.2022,
VEI0369,Honda,Civic,sedan,2024,2025,Cinza,Usado,27400,292507.91,382928.82,EM MANUTENCAO,ZVY5150,22.11.2025,
VEI0066,Ford,Maverick,pickup,2019,2019,Prata,Novo,7945,281321.93,325975.42,Vendio,OFT6O13,2025-04-04,
VEI0381,Ford,Maverick,pickup,2026,2026,Prata,Usado,52159,141069.44,154515.95,em manutenção,HPI1868,01.05.2025,
VEI0104,Fiat,Argo,hatch,2023,2024,Preto,Novo,0,314541.61,389730.7,Resevado,PEF0339,21/02/2025,
VEI0330,Citroën,Jumpy,utilitário,2025,2026,Verde,Usado,7762,233522.04,292866.96,Vendio,PNC9880,2023-06-04,
VEI0355,Volkswagen,Tiguan,suv,2016,2017,Branco,Novo,0,94124.05,116289.41,VENDIDO,FOH3626,2022-11-07,2023-06-04
VEI0337,Nissan,March,hatch,2017,2017,Branco,Novo,0,235052.59,300672.72,disponivel,,2025-12-07,
VEI0297,Ford,Ka,hatch,2017,2017,Branco,Novo,0,351567.89,418850.74,disponível,NMO6546,29.12.2025,
VEI0412,BMW,X3,suv,2026,2026,Preto,Novo,0,189176.03,251026.91,RESERVADO,ACS3194,2023-10-13,
VEI0185,Honda,CR-V,suv,2021,2022,Grafite,Novo,0,376150.99,434052.9,reservado,OSR3O21,2022-05-30,
VEI0504,Citroën,C4 Cactus,suv,2023,2024,Verde,Novo,0,97291.85,104347.58,Disponivel ,XRE6146,14.06.2024,
VEI0250,Jeep,Wrangler,suv,2015,2015,Grafite,Novo,0,110700.69,137853.3,Vendido,,04.11.2024,12.12.2024
VEI0195,Toyota,Yaris,utilitário,2024,2024,Preto,Usado,159203,310055.28,155027.64,disponivel,OMW8269,05.12.2022,
VEI0248,Nissan,Leaf,suv,2024,2024,Branco,Novo,4981,291225.73,324753.5,Disponível,YEJ8748,23.03.2023,
VEI0234,Chevrolet,Onix,suv,2023,2023,Cinza,Novo,0,356928.99,382938.01,EM MANUTENCAO,OEQ2L87,22.01.2023,
VEI0488,Toyota,Hilux,Pick Up,2022,2023,Vermelho,Usado,-390,286040.55,349376.41,vendido,HHG5633,2025-11-13,2026-10-30
VEI0205,Hyundai,HB20,hatch,2019,2019,Dourado,Usado,146618,63061.31,31530.65,vendido,SCZ2Z36,03.07.2023,2024-02-29
VEI0121,Jeep,Commander,suv,2025,2025,Azul,Usado,16766,200115.85,226071.91,EM MANUTENCAO,LRD8172,23.01.2023,
VEI0051,Fiat,500,suv,2024,2024,Branco,Novo,4444,378875.98,491801.15,EM MANUTENCAO,LQR5742,12/10/2024,
VEI0146,Volkswagen,T-Cross,suv,2019,2019,Vermelho,Usado,60848,64177.57,75306.44,Disponível,MAC0D35,26/08/2023,
VEI0027,Audi,A4,sedan,2025,2025,Azul,Usado,30128,73710.49,93511.19,em manutenção,VQZ9072,2022-03-18,
VEI0404,Audi,A6,suv,2021,2022,Marrom,Usado,247515,320484.68,354526.61,Reservado,RFU9Z46,26/06/2023,
VEI0056,Volkswagen,Tiguan,suv,2026,2026,Marrom,Usado,94254,281596.38,349546.56,disponível,IET4295,2024-09-24,
VEI0190,BMW,Série 5,sedan,2016,2016,Verde,Novo,4738,307383.83,354707.89,vendido,QBS9O13,19.02.2026,26/06/2026
VEI0349,Jeep,Renegade,suv,2023,2023,Verde,Usado,111505,359994.17,402814.33,Disponivel ,FRD5642,23/10/2025,
VEI0332,Volkswagen,T-Cross,suv,2016,2016,,Novo,0,306830.81,324604.35,Em Manutenção,TCI5P67,2022-12-02,
VEI0038,Ford,Territory,suv,2026,2026,,Usado,150776,255103.43,314327.39,Em manutenção,VGC5222,2023-03-22,
VEI0358,Toyota,Yaris,utilitário,2025,2025,Prata,Novo,0,129830.34,168174.61,disponível,THQ8X88,02.09.2022,
VEI0227,Mercedes-Benz,GLC,suv,2021,2022,Preto,Usado,63415,341477.78,452528.71,RESERVADO,QWK9T44,2022-12-14,
VEI0102,Honda,City,suv,2018,2018,Marrom,Novo,0,177424.4,209840.37,DISPONIVEL,WRP7J44,2025-10-30,
VEI0270,Hyundai,Santa Fe,SUV,2016,2016,Marrom,Novo,0,58853.65,75818.55,VENDIDO,AYM2942,13/10/2022,02.07.2023
VEI0443,Renault,Captur,suv,2018,2018,Dourado,Novo,0,221776.42,242035.25,Em Manutenção,QXN2N21,22.08.2025,
VEI0215,BMW,Série 3,sedan,2022,2023,Bege,Usado,76176,367134.7,446746.1,DISPONIVEL,ZZI0913,01.12.2022,
VEI0179,Citroën,Berlingo,utilitário,2015,2015,Grafite,Usado,103213,221321.13,251673.33,DISPONIVEL,FPQ5U18,16/07/2023,
VEI0215,BMW,Série 3,sedan,2022,2023,Bege,Usado,76176,367134.7,446746.1,DISPONIVEL,ZZI0913,01.12.2022,
VEI0056,Volkswagen,Tiguan,suv,2026,2026,Marrom,Usado,94254,281596.38,349546.56,disponível,IET4295,2024-09-24,
VEI0329,Jeep,Compass,suv,2025,2025,Dourado,Usado,74751,37685.68,47308.13,Disponível,RLX0B79,09/09/2022,
VEI0196,Ford,Maverick,pickup,2015,2015,Azul,Novo,0,30349.27,37220.36,vendido,QXN7K46,2025-07-22,2025-10-02
VEI0030,Mercedes-Benz,GLA,suv,2018,2018,Vermelho,Usado,125422,334477.84,404344.23,Disponível,GVX7912,29.01.2022,
VEI0128,Nissan,Frontier,pickup,2020,2020,Dourado,Usado,213817,58432.19,29216.1,em manutenção,MBU1N46,2024-01-27,
VEI0481,Ford,Ka,hachback,2025,2025,Preto,Novo,0,51476.21,56300.09,Resevado,JWF7W73,31/01/2022,
VEI0068,Chevrolet,Spin,utilitário,2024,2024,Preto,Novo,0,110916.92,136497.09,em manutenção,JOG1X77,2022-01-29,
VEI0249,Toyota,SW4,suv,2016,2017,Branco,novo,186010,338051.73,409723.04,reservado,VNE1G93,01/11/2024,
VEI0286,Audi,Q3,suv,2015,2016,Bege,Usado,167372,139217.64,187036.44,em manutenção,BIY9B83,2024-08-06,
VEI0387,Fiat,Cronos,sedan,2023,2024,Dourado,Usado,217631,219052.9,251166.79,Vendio,PSR2Q72,04/10/2024,
VEI0492,Citroën,C3,hatch,2016,2016,Azul,Usado,13478,393671.81,481661.71,em manutenção,ULZ0160,2024-08-27,
VEI0437,Audi,A3,sedan,2016,2016,Vermelho,Usado,40170,254179.88,326838.22,vendido,BQG4A89,2022-09-10,02.10.2022
VEI0401,Nissan,Leaf,suv,2021,2021,Bege,Usado,229322,205494.39,266621.77,em manutenção,BEL0L57,16.08.2024,
VEI0199,Fiat,Argo,hatch,2017,2017,Vermelho,usado,0,204983.93,251384.51,em manutenção,EHP6418,06/08/2025,
VEI0206,BMW,Série 3,SEDAN,2017,2017,Prata,Novo,3623,162648.83,172297.78,Disponivel ,EGC3691,16/01/2024,
VEI0176,Fiat,Pulse,suv,2022,2022,,Novo,0,153030.05,190969.19,Disponivel ,,2024-01-23,
VEI0095,Jeep,Compass,suv,2026,2026,Bege,Novo,0,31385.08,33539.27,RESERVADO,JRJ9N69,13/05/2025,
VEI0244,Peugeot,508,S.U.V,2021,2021,Branco,Usado,238697,182716.67,232759.23,Disponível,SLK1D19,2023-12-01,
VEI0021,Volkswagen,Gol,hatch,2015,2015,Grafite,Novo,0,76625.06,91870.6,Em manutenção,ZSP4W22,2024-02-10,
VEI0471,Fiat,500,suv,2016,2016,Prata,Usado,233350,309715.03,388831.98,Disponível,PBR0854,2024-04-18,
VEI0016,Toyota,Yaris,utilitário,2018,2018,Bege,Usado,93511,355631.86,431208.4,Vendido,TXA9277,14.05.2023,2024-01-09
VEI0306,Nissan,Kicks,suv,2021,2022,Prata,Usado,-124,122393.72,144402.64,EM MANUTENCAO,DYN6890,05.01.2026,
VEI0313,Toyota,RAV4,suv,,2020,Preto,Usado,130014,119595.29,141573.36,Disponivel ,ZQQ5146,10/09/2025,
VEI0311,Peugeot,2008,suv,2025,2025,Branco,Novo,0,94854.72,106379.57,Em Manutenção,XNO9N64,19/09/2025,
VEI0226,BMW,Série 5,sedan,,2026,Prata,Novo,6507,288256.08,350057.83,em manutenção,MYM9U67,2025-06-20,
VEI0426,MERCEDES-BENZ,Classe E,suv,2016,2016,Vermelho,Usado,244800,308000.95,414160.37,reservado,JQJ3Y82,10.01.2025,
VEI0170,BMW,Série 5,sedan,2024,2024,Azul,Usado,96954,257895.64,286086.27,Em manutenção,BZN0J18,07/01/2025,
VEI0166,Ford,Territory,suv,2023,2023,Grafite,Novo,0,322971.06,356808.13,Vendio,YHU7266,2023-03-21,
VEI0366,Audi,TT,suv,2018,2018,Grafite,Novo,0,90306.04,121147.94,DISPONIVEL,XIE6339,05/03/2024,
VEI0436,Mercedes-Benz,Classe A,sedan,2021,2021,Dourado,Novo,0,183856.8,-245307.29,Resevado,VQC2049,29.10.2024,
VEI0509,Renault,Kwid,hatch,2018,2018,Verde,Novo,0,37816.86,41692.03,Em Manutenção,UHH8776,2022-04-16,
VEI0282,Fiat,Argo,hatch,2022,2022,Cinza,Usado,128344,284430.63,338899.0,Disponível,GWI5898,02/03/2022,
VEI0203,Toyota,Etios,hatch,2026,2026,Marrom,Usado,246647,202591.24,216054.58,vendido,IUI6115,08.10.2025,22/09/2026
VEI0087,Mercedes-Benz,GLC,suv,2024,2025,,Novo,0,194382.34,254784.8,Resevado,HXC6851,09/06/2023,
VEI0168,Toyota,Corolla,sedan,2024,2024,Cinza,Novo,0,200152.25,261198.15,disponivel,,07.06.2025,
VEI0072,Citroën,C4 Cactus,suv,2019,2019,Grafite,Usado,29863,242269.08,321664.27,RESERVADO,IFC9935,2025-03-18,
VEI0221,Ford,Ranger,pickup,2016,2016,Vermelho,Usado,58316,56519.77,61130.42,Vendio,SKP4190,24/08/2023,
VEI0302,BMW,X3,suv,2017,2018,,Usado,241702,60542.67,81543.06,Disponivel ,,2022-12-10,
VEI0299,Hyundai,Tucson,suv,2020,2021,Branco,Novo,0,397338.74,458661.69,RESERVADO,TLB8744,17.11.2022,
VEI0023,Toyota,SW4,suv,2025,2025,Bege,Usado,54497,37722.3,47428.56,reservado,VSK1286,2025-12-30,
VEI0214,Fiat,500,suv,2018,2019,Preto,Usado,33295,97479.07,103162.73,Disponível,TTB5415,2022-05-30,
VEI0162,Citroën,C4 Cactus,suv,2015,2016,Marrom,novo,20845,330347.25,360871.55,Disponível,SEM2171,20.06.2024,
VEI0169,Peugeot,208,hatch,2021,2021,Bege,Novo,1063,35319.7,44028.22,Disponivel ,SYI5992,2024-12-05,
VEI0058,Hyundai,Creta,suv,2022,2022,Grafite,Usado,0,313273.02,379700.37,Reservado,QEI6T90,07/05/2025,
VEI0461,Audi,A6,suv,2022,2022,Bege,usado,0,110694.4,-137355.14,em manutenção,KVD8192,01/05/2022,
VEI0247,Hyundai,Creta,suv,2024,2025,Bege,Usado,231035,269344.6,350432.53,Resevado,NZE2634,2022-01-10,
VEI0124,Jeep,Commander,suv,2016,2017,Dourado,Usado,46325,133893.56,155385.75,Vendido,HCO7K11,2022-09-19,29.11.2022
VEI0400,Fiat,Uno,hatch,2018,2018,Vermelho,Novo,0,241324.68,300351.0,EM MANUTENCAO,QZL6O50,01.02.2022,
VEI0142,Fiat,Cronos,sedan,2021,2021,Azul,USADO,197448,119428.31,142999.98,disponivel,HIE6P74,16.10.2022,
VEI0108,Citroën,Aircross,suv,2022,2022,Preto,Usado,191179,276856.82,348161.78,vendido,,23.02.2023,01/12/2023
VEI0342,Nissan,Sentra,sedan,2016,2016,Cinza,Usado,49734,204791.12,215185.64,disponível,LQG0497,19/12/2024,
VEI0267,Volkswagen,Saveiro,pickup,2025,2025,Verde,Usado,7423,300712.26,405284.0,Em Manutenção,WBF7616,25.10.2023,
VEI0456,BMW,Série 5,sedan,2019,2019,Verde,Usado,147959,194640.3,246310.42,Resevado,XTA1523,28.10.2022,
VEI0314,Nissan,March,hatch,2023,2023,Branco,Usado,233899,323433.09,367293.4,VENDIDO,ZTJ7B59,2024-01-25,30.12.2024
VEI0229,Nissan,Kicks,suv,2020,2020,Verde,Usado,-78,231827.0,271920.19,Disponível,NGL4M12,18.06.2025,
